sku_id,on_hand,daily_demand,warehouse_utilization
SKU-01-0001,5092,511,0.7164
SKU-01-0002,3690,531,0.7928
SKU-01-0003,5385,502,0.5509
SKU-01-0004,4898,528,0.9275
SKU-01-0005,1951,507,0.6567
SKU-01-0006,5478,465,0.5736
SKU-01-0007,4679,475,0.7241
SKU-01-0008,5491,545,0.599
SKU-01-0009,2176,524,0.6079
SKU-01-0010,3273,464,0.7903
SKU-01-0011,3055,482,0.6993
SKU-01-0012,5602,494,0.9003
SKU-01-0013,4204,478,0.6713
SKU-01-0014,5254,505,0.8259
SKU-01-0015,3600,515,0.7252
SKU-01-0016,2583,512,0.8008
SKU-01-0017,3772,472,0.7779
SKU-01-0018,1730,484,0.7297
SKU-01-0019,5297,507,0.911
SKU-01-0020,3943,454,0.6802
SKU-01-0021,5088,518,0.6173
SKU-01-0022,3188,515,0.8077
SKU-01-0023,6431,548,0.8715
SKU-01-0024,5707,517,0.5653
SKU-01-0025,4983,498,0.7209
SKU-01-0026,2699,568,0.8891
SKU-01-0027,3694,513,0.8349
SKU-01-0028,1938,571,0.9269
SKU-01-0029,2207,503,0.7519
SKU-01-0030,4894,535,0.8008
SKU-01-0031,4648,479,0.6649
SKU-01-0032,5866,501,0.9101
SKU-01-0033,2954,498,0.6892
SKU-01-0034,3370,532,0.8306
SKU-01-0035,3656,506,0.7032
SKU-01-0036,2207,469,0.7635
SKU-01-0037,2135,512,0.8235
SKU-01-0038,3619,497,0.7434
SKU-01-0039,2531,502,0.8947
SKU-01-0040,5209,577,0.7093
SKU-01-0041,3647,526,0.7959
SKU-01-0042,5478,522,0.6801
SKU-01-0043,4679,503,0.7051
SKU-01-0044,3068,528,0.7172
SKU-01-0045,5581,532,0.5978
SKU-01-0046,5152,503,0.5849
SKU-01-0047,3244,500,0.8036
SKU-01-0048,3044,544,0.7991
SKU-01-0049,5001,547,0.8019
SKU-01-0050,2167,509,0.5575
SKU-01-0051,2664,555,0.6741
SKU-01-0052,1591,519,0.6252
SKU-01-0053,5273,523,0.8457
SKU-01-0054,4654,518,0.877
SKU-01-0055,4785,512,0.6437
SKU-01-0056,5224,521,0.8038
SKU-01-0057,3601,505,0.5992
SKU-01-0058,4100,505,0.6546
SKU-01-0059,2316,544,0.6027
SKU-01-0060,2088,518,0.6577
SKU-01-0061,4318,479,0.8064
SKU-01-0062,3873,535,0.8959
SKU-01-0063,4100,507,0.627
SKU-01-0064,4854,491,0.756
SKU-01-0065,4130,474,0.8165
SKU-01-0066,3712,465,0.9121
SKU-01-0067,4041,503,0.7818
SKU-01-0068,3051,532,0.6469
SKU-01-0069,1714,523,0.7877
SKU-01-0070,3694,533,0.6718
SKU-01-0071,2545,516,0.9209
SKU-01-0072,3625,543,0.7019
SKU-01-0073,5319,498,0.8105
SKU-01-0074,2400,470,0.5588
SKU-01-0075,1741,494,0.702
SKU-01-0076,2893,523,0.8825
SKU-01-0077,2945,522,0.7819
SKU-01-0078,4586,512,0.7187
SKU-01-0079,4127,515,0.9057
SKU-01-0080,5249,522,0.8745
SKU-01-0081,4229,471,0.6724
SKU-01-0082,3702,556,0.7569
SKU-01-0083,4988,483,0.7361
SKU-01-0084,2499,555,0.7902
SKU-01-0085,1666,520,0.677
SKU-01-0086,1940,509,0.6428
SKU-01-0087,4475,471,0.8968
SKU-01-0088,3793,530,0.9011
SKU-01-0089,2791,627,0.8705
SKU-01-0090,4213,561,0.9217
SKU-01-0091,2268,519,0.8331
SKU-01-0092,4522,488,0.8406
SKU-01-0093,3851,549,0.8398
SKU-01-0094,2945,458,0.7326
SKU-01-0095,3268,572,0.7235
SKU-01-0096,4527,522,0.6413
SKU-01-0097,2803,448,0.795
SKU-01-0098,2023,534,0.6599
SKU-01-0099,2169,534,0.648
SKU-01-0100,6516,559,0.7727
SKU-01-0101,5522,494,0.7058
SKU-01-0102,5281,568,0.6332
SKU-01-0103,2874,533,0.8601
SKU-01-0104,6365,543,0.877
SKU-01-0105,4624,462,0.6137
SKU-01-0106,4849,513,0.5529
SKU-01-0107,3452,490,0.6777
SKU-01-0108,2665,489,0.8531
SKU-01-0109,2139,553,0.8689
SKU-01-0110,5706,513,0.6026
SKU-01-0111,3878,546,0.8442
SKU-01-0112,2690,558,0.594
SKU-01-0113,3124,543,0.6982
SKU-01-0114,4353,530,0.9295
SKU-01-0115,2052,447,0.6232
SKU-01-0116,6169,576,0.6085
SKU-01-0117,4795,488,0.7107
SKU-01-0118,4842,511,0.7855
SKU-01-0119,3458,502,0.9045
SKU-01-0120,4755,550,0.9227
SKU-01-0121,4541,550,0.5765
SKU-01-0122,4610,521,0.6024
SKU-01-0123,1891,503,0.8505
SKU-01-0124,3176,471,0.6528
SKU-01-0125,1741,516,0.8862
SKU-01-0126,3567,479,0.8021
SKU-01-0127,3217,539,0.5925
SKU-01-0128,2215,515,0.8664
SKU-01-0129,1926,490,0.617
SKU-01-0130,4426,534,0.7109
SKU-01-0131,2322,512,0.7598
SKU-01-0132,6059,535,0.7403
SKU-01-0133,4559,554,0.8107
SKU-01-0134,3263,533,0.798
SKU-01-0135,4267,513,0.927
SKU-01-0136,1638,511,0.9298
SKU-01-0137,5488,472,0.7463
SKU-01-0138,3935,536,0.5862
SKU-01-0139,5223,520,0.8266
SKU-01-0140,1936,517,0.9211
SKU-01-0141,3815,517,0.671
SKU-01-0142,3819,515,0.7253
SKU-01-0143,5171,452,0.7114
SKU-01-0144,4382,538,0.5695
SKU-01-0145,3289,453,0.8055
SKU-01-0146,2788,516,0.6843
SKU-01-0147,3190,533,0.8492
SKU-01-0148,3928,511,0.8662
SKU-01-0149,3440,495,0.8621
SKU-01-0150,1594,499,0.7083
SKU-01-0151,4248,407,0.6722
SKU-01-0152,5322,481,0.8346
SKU-01-0153,2425,569,0.8545
SKU-01-0154,4560,571,0.7367
SKU-01-0155,2068,520,0.8894
SKU-01-0156,5068,560,0.6047
SKU-01-0157,2915,527,0.884
SKU-01-0158,4905,549,0.5865
SKU-01-0159,4676,490,0.6083
SKU-01-0160,5683,573,0.7529
SKU-01-0161,1830,461,0.5757
SKU-01-0162,6375,567,0.5701
SKU-01-0163,2490,491,0.5502
SKU-01-0164,1845,553,0.7158
SKU-01-0165,4053,507,0.8444
SKU-01-0166,3271,516,0.5632
SKU-01-0167,5140,491,0.7979
SKU-01-0168,4973,484,0.8628
SKU-01-0169,2869,490,0.6138
SKU-01-0170,6077,525,0.6058
SKU-01-0171,2972,529,0.8771
SKU-01-0172,4039,529,0.8628
SKU-01-0173,2715,512,0.7548
SKU-01-0174,5838,511,0.8613
SKU-01-0175,2312,516,0.5852
SKU-01-0176,1658,487,0.6999
SKU-01-0177,3534,511,0.8304
SKU-01-0178,5978,501,0.6478
SKU-01-0179,5546,503,0.8359
SKU-01-0180,5200,534,0.7416
SKU-01-0181,6092,553,0.8351
SKU-01-0182,5852,530,0.7266
SKU-01-0183,3628,473,0.6898
SKU-01-0184,2998,513,0.6333
SKU-01-0185,5352,538,0.6292
SKU-01-0186,4406,492,0.8356
SKU-01-0187,3309,520,0.5952
SKU-01-0188,1998,519,0.5827
SKU-01-0189,4948,509,0.617
SKU-01-0190,2987,557,0.6166
SKU-01-0191,5281,462,0.8628
SKU-01-0192,2770,536,0.7014
SKU-01-0193,2114,515,0.9263
SKU-01-0194,5282,504,0.6021
SKU-01-0195,2347,536,0.7983
SKU-01-0196,2496,541,0.7205
SKU-01-0197,4499,536,0.6993
SKU-01-0198,5675,522,0.8825
SKU-01-0199,2303,483,0.9207
SKU-02-0001,2410,416,0.8817
SKU-02-0002,4179,418,0.6231
SKU-02-0003,5380,458,0.6339
SKU-02-0004,3093,412,0.7993
SKU-02-0005,2113,492,0.6599
SKU-02-0006,1388,444,0.8292
SKU-02-0007,2067,408,0.7652
SKU-02-0008,1762,421,0.7593
SKU-02-0009,4404,484,0.8648
SKU-02-0010,1757,429,0.82
SKU-02-0011,2962,392,0.5601
SKU-02-0012,4125,446,0.5688
SKU-02-0013,3761,457,0.7786
SKU-02-0014,2078,433,0.7348
SKU-02-0015,5190,507,0.6489
SKU-02-0016,4125,437,0.7091
SKU-02-0017,4526,469,0.838
SKU-02-0018,2035,487,0.8641
SKU-02-0019,1851,450,0.7633
SKU-02-0020,5606,494,0.6964
SKU-02-0021,3296,501,0.6529
SKU-02-0022,2592,454,0.7483
SKU-02-0023,3440,465,0.6696
SKU-02-0024,3936,439,0.7644
SKU-02-0025,5023,433,0.8071
SKU-02-0026,2711,486,0.5751
SKU-02-0027,4744,419,0.5504
SKU-02-0028,1312,407,0.6307
SKU-02-0029,3934,492,0.8899
SKU-02-0030,4092,470,0.7956
SKU-02-0031,1882,476,0.6153
SKU-02-0032,2106,494,0.8883
SKU-02-0033,2993,442,0.7286
SKU-02-0034,5275,451,0.7309
SKU-02-0035,3689,441,0.9055
SKU-02-0036,4810,422,0.5726
SKU-02-0037,4300,420,0.6318
SKU-02-0038,3048,423,0.7726
SKU-02-0039,4901,487,0.6243
SKU-02-0040,1403,444,0.8082
SKU-02-0041,1649,414,0.6314
SKU-02-0042,4332,414,0.5877
SKU-02-0043,4394,432,0.6287
SKU-02-0044,2231,438,0.7106
SKU-02-0045,3857,496,0.6169
SKU-02-0046,3542,419,0.6012
SKU-02-0047,4972,460,0.8769
SKU-02-0048,3801,451,0.6718
SKU-02-0049,3316,494,0.6871
SKU-02-0050,2910,457,0.571
SKU-02-0051,2822,413,0.6858
SKU-02-0052,3662,413,0.6506
SKU-02-0053,4431,410,0.782
SKU-02-0054,3011,425,0.628
SKU-02-0055,2265,433,0.8876
SKU-02-0056,2144,418,0.9033
SKU-02-0057,4245,437,0.5879
SKU-02-0058,4564,441,0.5908
SKU-02-0059,1654,419,0.5938
SKU-02-0060,1620,450,0.7854
SKU-02-0061,3515,421,0.5963
SKU-02-0062,1959,454,0.8739
SKU-02-0063,4346,417,0.8366
SKU-02-0064,2410,416,0.8615
SKU-02-0065,1808,421,0.7499
SKU-02-0066,5340,473,0.9287
SKU-02-0067,1926,429,0.5668
SKU-02-0068,2475,445,0.7025
SKU-02-0069,1884,430,0.6731
SKU-02-0070,1943,481,0.9105
SKU-02-0071,1602,502,0.7692
SKU-02-0072,1466,419,0.8564
SKU-02-0073,1856,406,0.6147
SKU-02-0074,1521,437,0.9219
SKU-02-0075,3328,400,0.7395
SKU-02-0076,3979,436,0.7376
SKU-02-0077,2872,439,0.9189
SKU-02-0078,2110,360,0.6947
SKU-02-0079,3831,508,0.7011
SKU-02-0080,4916,452,0.7722
SKU-02-0081,4818,452,0.5987
SKU-02-0082,1719,507,0.672
SKU-02-0083,2006,433,0.6234
SKU-02-0084,2216,432,0.5892
SKU-02-0085,2586,493,0.8791
SKU-02-0086,3493,429,0.7739
SKU-02-0087,3130,464,0.6863
SKU-02-0088,1543,448,0.7053
SKU-02-0089,2730,429,0.714
SKU-02-0090,3278,425,0.7906
SKU-02-0091,1625,415,0.9022
SKU-02-0092,4862,463,0.9045
SKU-02-0093,1384,399,0.6988
SKU-02-0094,5118,452,0.6751
SKU-02-0095,1724,443,0.7214
SKU-02-0096,4714,445,0.7658
SKU-02-0097,4806,432,0.7255
SKU-02-0098,4939,418,0.8003
SKU-02-0099,4527,443,0.7607
SKU-02-0100,4467,446,0.6719
SKU-02-0101,3653,416,0.6814
SKU-02-0102,4365,436,0.6939
SKU-02-0103,2004,476,0.586
SKU-02-0104,3505,448,0.6131
SKU-02-0105,3372,442,0.8248
SKU-02-0106,4930,460,0.6979
SKU-02-0107,3009,420,0.6315
SKU-02-0108,3201,495,0.7638
SKU-02-0109,3678,420,0.8371
SKU-02-0110,2192,406,0.6478
SKU-02-0111,1814,426,0.8642
SKU-02-0112,3556,487,0.9025
SKU-02-0113,2849,422,0.777
SKU-02-0114,2348,461,0.8042
SKU-02-0115,2769,439,0.57
SKU-02-0116,2620,416,0.9093
SKU-02-0117,2450,412,0.6991
SKU-02-0118,2855,445,0.9011
SKU-02-0119,3944,430,0.77
SKU-02-0120,2325,410,0.5518
SKU-02-0121,5101,442,0.5646
SKU-02-0122,4780,425,0.8086
SKU-02-0123,3173,433,0.7638
SKU-02-0124,2728,458,0.5601
SKU-02-0125,3393,434,0.8325
SKU-02-0126,4733,445,0.8738
SKU-02-0127,3674,414,0.7386
SKU-02-0128,4413,431,0.727
SKU-02-0129,3648,468,0.5521
SKU-02-0130,3896,448,0.8489
SKU-02-0131,2377,425,0.6757
SKU-02-0132,4221,439,0.8839
SKU-02-0133,2073,430,0.6918
SKU-02-0134,3970,429,0.7647
SKU-02-0135,4857,452,0.6527
SKU-02-0136,1776,424,0.611
SKU-02-0137,3881,455,0.8445
SKU-02-0138,1832,475,0.7387
SKU-02-0139,4823,506,0.7539
SKU-02-0140,1700,452,0.9169
SKU-02-0141,5232,458,0.9162
SKU-02-0142,2093,494,0.8751
SKU-02-0143,4675,402,0.6213
SKU-02-0144,4645,455,0.7758
SKU-02-0145,3838,460,0.8837
SKU-02-0146,4751,473,0.6923
SKU-02-0147,4509,444,0.5884
SKU-02-0148,5504,478,0.8582
SKU-02-0149,2234,423,0.7331
SKU-02-0150,3557,428,0.7645
SKU-02-0151,1604,416,0.9232
SKU-02-0152,3845,450,0.7807
SKU-02-0153,2026,446,0.7115
SKU-02-0154,3864,478,0.6906
SKU-02-0155,3725,457,0.7087
SKU-02-0156,3669,510,0.595
SKU-02-0157,3174,412,0.852
SKU-02-0158,4503,456,0.8683
SKU-02-0159,5280,518,0.6581
SKU-02-0160,3522,474,0.6654
SKU-02-0161,4030,480,0.8822
SKU-02-0162,4325,380,0.5591
SKU-02-0163,1656,406,0.7478
SKU-02-0164,1776,438,0.7262
SKU-02-0165,1641,433,0.8122
SKU-02-0166,3872,434,0.6121
SKU-02-0167,3140,464,0.804
SKU-02-0168,4426,444,0.6932
SKU-02-0169,4186,463,0.7851
SKU-02-0170,2665,444,0.5652
SKU-02-0171,4357,393,0.7255
SKU-02-0172,4636,470,0.7485
SKU-02-0173,2255,415,0.6314
SKU-02-0174,2731,435,0.6031
SKU-02-0175,2740,470,0.6216
SKU-02-0176,1926,436,0.6808
SKU-02-0177,1710,395,0.5868
SKU-02-0178,4890,428,0.91
SKU-02-0179,3339,481,0.7039
SKU-02-0180,2941,456,0.8574
SKU-02-0181,3990,417,0.9203
SKU-02-0182,3326,417,0.5807
SKU-02-0183,4856,425,0.7976
SKU-02-0184,4490,448,0.8811
SKU-02-0185,3343,457,0.791
SKU-02-0186,2842,445,0.713
SKU-02-0187,5512,464,0.7138
SKU-02-0188,3557,376,0.5636
SKU-02-0189,5087,440,0.7531
SKU-02-0190,1850,455,0.9275
SKU-02-0191,4315,405,0.9143
SKU-02-0192,4105,470,0.5654
SKU-02-0193,1684,411,0.8182
SKU-02-0194,3558,429,0.6647
SKU-02-0195,3890,424,0.8931
SKU-02-0196,1431,460,0.5671
SKU-02-0197,2949,416,0.9056
SKU-02-0198,4766,457,0.8682
SKU-02-0199,2320,410,0.5947
SKU-03-0001,3841,539,0.5727
SKU-03-0002,4140,593,0.8672
SKU-03-0003,3024,529,0.6092
SKU-03-0004,6117,543,0.7533
SKU-03-0005,6079,606,0.898
SKU-03-0006,2413,604,0.7656
SKU-03-0007,6801,568,0.7009
SKU-03-0008,5598,513,0.7191
SKU-03-0009,3061,551,0.574
SKU-03-0010,5350,508,0.9181
SKU-03-0011,2335,590,0.668
SKU-03-0012,6224,519,0.622
SKU-03-0013,4550,506,0.6587
SKU-03-0014,5160,583,0.9165
SKU-03-0015,2021,530,0.5858
SKU-03-0016,5847,528,0.8796
SKU-03-0017,1924,590,0.819
SKU-03-0018,2816,545,0.8654
SKU-03-0019,2268,529,0.9208
SKU-03-0020,5455,546,0.87
SKU-03-0021,2689,562,0.9085
SKU-03-0022,6415,573,0.5982
SKU-03-0023,5148,578,0.8524
SKU-03-0024,1899,571,0.7574
SKU-03-0025,1671,548,0.7565
SKU-03-0026,1660,479,0.8916
SKU-03-0027,4675,553,0.9193
SKU-03-0028,5025,492,0.8178
SKU-03-0029,2718,528,0.7335
SKU-03-0030,5684,534,0.7234
SKU-03-0031,2056,585,0.6968
SKU-03-0032,4778,468,0.6874
SKU-03-0033,6958,613,0.6988
SKU-03-0034,5959,599,0.5841
SKU-03-0035,5180,558,0.5794
SKU-03-0036,5229,496,0.8464
SKU-03-0037,2087,621,0.7195
SKU-03-0038,2533,526,0.9037
SKU-03-0039,2087,506,0.7826
SKU-03-0040,4932,654,0.5634
SKU-03-0041,5009,516,0.6099
SKU-03-0042,5003,577,0.6282
SKU-03-0043,5693,534,0.9208
SKU-03-0044,2563,583,0.6331
SKU-03-0045,5642,587,0.746
SKU-03-0046,2369,500,0.9057
SKU-03-0047,2849,524,0.9213
SKU-03-0048,4976,530,0.6398
SKU-03-0049,6987,591,0.5687
SKU-03-0050,4788,563,0.6084
SKU-03-0051,1826,523,0.5741
SKU-03-0052,4966,581,0.6241
SKU-03-0053,2083,616,0.7661
SKU-03-0054,5205,475,0.8967
SKU-03-0055,5697,607,0.7541
SKU-03-0056,2580,566,0.7879
SKU-03-0057,2173,568,0.6267
SKU-03-0058,2386,513,0.8542
SKU-03-0059,6608,559,0.7848
SKU-03-0060,3763,528,0.8784
SKU-03-0061,5270,524,0.9106
SKU-03-0062,4914,563,0.6822
SKU-03-0063,3962,486,0.5844
SKU-03-0064,2674,621,0.6359
SKU-03-0065,5677,493,0.7164
SKU-03-0066,3062,536,0.9094
SKU-03-0067,4839,590,0.6938
SKU-03-0068,5188,558,0.8429
SKU-03-0069,4687,530,0.7554
SKU-03-0070,6375,556,0.6195
SKU-03-0071,2532,584,0.6719
SKU-03-0072,4068,537,0.7982
SKU-03-0073,3710,559,0.8057
SKU-03-0074,3765,518,0.7152
SKU-03-0075,2407,591,0.6369
SKU-03-0076,2213,526,0.8243
SKU-03-0077,2933,533,0.6142
SKU-03-0078,3572,622,0.9059
SKU-03-0079,3700,540,0.6214
SKU-03-0080,4598,541,0.5908
SKU-03-0081,4931,566,0.7391
SKU-03-0082,3420,510,0.7474
SKU-03-0083,3520,527,0.7431
SKU-03-0084,2663,537,0.7159
SKU-03-0085,4546,548,0.928
SKU-03-0086,3307,565,0.7348
SKU-03-0087,1582,476,0.7316
SKU-03-0088,3782,559,0.7103
SKU-03-0089,3445,474,0.5754
SKU-03-0090,2500,497,0.7753
SKU-03-0091,4533,556,0.6366
SKU-03-0092,4329,535,0.7923
SKU-03-0093,5274,566,0.5693
SKU-03-0094,5060,573,0.9229
SKU-03-0095,5128,578,0.7282
SKU-03-0096,3215,550,0.8908
SKU-03-0097,5447,540,0.7307
SKU-03-0098,3868,487,0.5729
SKU-03-0099,3634,528,0.8624
SKU-03-0100,4930,571,0.7963
SKU-03-0101,3342,535,0.8471
SKU-03-0102,4333,569,0.7127
SKU-03-0103,4844,503,0.7924
SKU-03-0104,5533,504,0.8754
SKU-03-0105,6288,557,0.7898
SKU-03-0106,3940,523,0.6821
SKU-03-0107,4003,521,0.8018
SKU-03-0108,5834,572,0.8053
SKU-03-0109,3072,527,0.915
SKU-03-0110,6069,576,0.6909
SKU-03-0111,4312,579,0.7115
SKU-03-0112,2042,505,0.8586
SKU-03-0113,2069,567,0.7422
SKU-03-0114,5955,563,0.8299
SKU-03-0115,1813,518,0.7247
SKU-03-0116,3404,616,0.6319
SKU-03-0117,2950,491,0.8332
SKU-03-0118,2561,562,0.5998
SKU-03-0119,3419,587,0.6255
SKU-03-0120,5007,517,0.7882
SKU-03-0121,1585,506,0.834
SKU-03-0122,5275,505,0.89
SKU-03-0123,6607,617,0.6536
SKU-03-0124,3639,573,0.5921
SKU-03-0125,2331,532,0.9133
SKU-03-0126,4935,587,0.6087
SKU-03-0127,2275,558,0.6251
SKU-03-0128,3601,573,0.6607
SKU-03-0129,6441,554,0.7512
SKU-03-0130,7008,586,0.8855
SKU-03-0131,5114,514,0.839
SKU-03-0132,3114,537,0.8191
SKU-03-0133,4815,524,0.6166
SKU-03-0134,4936,528,0.6859
SKU-03-0135,3596,554,0.7318
SKU-03-0136,5252,599,0.606
SKU-03-0137,1691,546,0.6539
SKU-03-0138,2822,578,0.6672
SKU-03-0139,3917,507,0.5984
SKU-03-0140,2729,610,0.7591
SKU-03-0141,2283,508,0.8179
SKU-03-0142,5853,556,0.5766
SKU-03-0143,6713,564,0.7328
SKU-03-0144,4130,516,0.8472
SKU-03-0145,5234,496,0.8342
SKU-03-0146,6671,560,0.8597
SKU-03-0147,2304,539,0.7203
SKU-03-0148,3672,522,0.8618
SKU-03-0149,3809,583,0.6415
SKU-03-0150,2169,583,0.6871
SKU-03-0151,5634,575,0.617
SKU-03-0152,4156,602,0.7276
SKU-03-0153,4118,570,0.699
SKU-03-0154,2405,552,0.6416
SKU-03-0155,2536,548,0.8357
SKU-03-0156,6821,611,0.6693
SKU-03-0157,1772,521,0.6537
SKU-03-0158,2767,543,0.5997
SKU-03-0159,3113,553,0.7168
SKU-03-0160,4180,564,0.6651
SKU-03-0161,4859,587,0.6903
SKU-03-0162,4129,555,0.6397
SKU-03-0163,1867,497,0.84
SKU-03-0164,2467,475,0.9034
SKU-03-0165,5158,487,0.7392
SKU-03-0166,4824,552,0.7943
SKU-03-0167,5005,566,0.8795
SKU-03-0168,5085,563,0.9296
SKU-03-0169,6166,625,0.7831
SKU-03-0170,1843,523,0.8881
SKU-03-0171,3440,546,0.8953
SKU-03-0172,4297,547,0.8508
SKU-03-0173,3005,497,0.7252
SKU-03-0174,5756,543,0.5808
SKU-03-0175,3694,503,0.556
SKU-03-0176,5336,538,0.7313
SKU-03-0177,5473,513,0.7378
SKU-03-0178,4247,563,0.7048
SKU-03-0179,6354,568,0.7659
SKU-03-0180,4349,525,0.7598
SKU-03-0181,6381,599,0.8679
SKU-03-0182,3202,528,0.5913
SKU-03-0183,4284,572,0.6356
SKU-03-0184,4273,549,0.8513
SKU-03-0185,2146,544,0.8722
SKU-03-0186,3557,540,0.928
SKU-03-0187,5988,532,0.8817
SKU-03-0188,4686,540,0.8882
SKU-03-0189,2575,560,0.6695
SKU-03-0190,3122,516,0.7026
SKU-03-0191,2513,532,0.6519
SKU-03-0192,1750,543,0.7804
SKU-03-0193,6377,562,0.9067
SKU-03-0194,3714,528,0.681
SKU-03-0195,3265,566,0.7617
SKU-03-0196,4772,569,0.6626
SKU-03-0197,1548,505,0.6145
SKU-03-0198,3147,572,0.6242
SKU-03-0199,5102,547,0.572
SKU-04-0001,2019,232,0.9107
SKU-04-0002,2462,208,0.7031
SKU-04-0003,1365,159,0.867
SKU-04-0004,1460,200,0.8089
SKU-04-0005,2217,225,0.6229
SKU-04-0006,1959,176,0.6167
SKU-04-0007,2153,227,0.8586
SKU-04-0008,2532,217,0.6506
SKU-04-0009,1977,197,0.897
SKU-04-0010,2106,195,0.6032
SKU-04-0011,813,202,0.8075
SKU-04-0012,2062,215,0.8595
SKU-04-0013,1462,210,0.6394
SKU-04-0014,1739,218,0.655
SKU-04-0015,2115,238,0.9165
SKU-04-0016,2780,237,0.6505
SKU-04-0017,2503,211,0.7134
SKU-04-0018,1309,234,0.7144
SKU-04-0019,1940,202,0.6462
SKU-04-0020,1599,164,0.8448
SKU-04-0021,1303,213,0.8433
SKU-04-0022,889,216,0.6938
SKU-04-0023,670,199,0.8673
SKU-04-0024,2079,208,0.631
SKU-04-0025,1348,182,0.5516
SKU-04-0026,2421,204,0.767
SKU-04-0027,1732,241,0.9277
SKU-04-0028,2301,195,0.5647
SKU-04-0029,1334,199,0.629
SKU-04-0030,2221,219,0.7472
SKU-04-0031,839,223,0.8578
SKU-04-0032,1344,168,0.5838
SKU-04-0033,1758,172,0.7002
SKU-04-0034,2049,181,0.8339
SKU-04-0035,2039,196,0.6912
SKU-04-0036,730,219,0.6218
SKU-04-0037,1487,234,0.6243
SKU-04-0038,770,224,0.7058
SKU-04-0039,880,221,0.7322
SKU-04-0040,1580,174,0.8775
SKU-04-0041,1677,178,0.7941
SKU-04-0042,1833,184,0.8124
SKU-04-0043,2125,197,0.9235
SKU-04-0044,1912,198,0.7065
SKU-04-0045,2583,253,0.7033
SKU-04-0046,626,182,0.9009
SKU-04-0047,1191,233,0.6434
SKU-04-0048,1711,199,0.8273
SKU-04-0049,2188,204,0.8367
SKU-04-0050,611,201,0.5872
SKU-04-0051,1725,226,0.7279
SKU-04-0052,2010,221,0.6262
SKU-04-0053,804,246,0.6204
SKU-04-0054,1594,241,0.7263
SKU-04-0055,2046,185,0.66
SKU-04-0056,1863,206,0.8525
SKU-04-0057,997,194,0.8949
SKU-04-0058,2135,200,0.855
SKU-04-0059,1116,182,0.6511
SKU-04-0060,2553,239,0.6542
SKU-04-0061,1275,224,0.6468
SKU-04-0062,1654,199,0.6013
SKU-04-0063,1387,211,0.9086
SKU-04-0064,1013,185,0.7028
SKU-04-0065,2207,201,0.6354
SKU-04-0066,905,193,0.8717
SKU-04-0067,794,211,0.7017
SKU-04-0068,1155,190,0.5633
SKU-04-0069,1854,196,0.6115
SKU-04-0070,2300,224,0.7929
SKU-04-0071,2194,183,0.8475
SKU-04-0072,1349,238,0.6302
SKU-04-0073,1074,161,0.8986
SKU-04-0074,842,199,0.8734
SKU-04-0075,1618,198,0.8724
SKU-04-0076,2432,203,0.6365
SKU-04-0077,1601,172,0.5692
SKU-04-0078,1630,195,0.8796
SKU-04-0079,1293,198,0.6662
SKU-04-0080,2495,222,0.7852
SKU-04-0081,1517,203,0.8388
SKU-04-0082,703,167,0.5988
SKU-04-0083,1308,208,0.8467
SKU-04-0084,800,222,0.9066
SKU-04-0085,1060,220,0.8268
SKU-04-0086,534,169,0.7177
SKU-04-0087,1458,206,0.8831
SKU-04-0088,1908,219,0.7504
SKU-04-0089,1169,192,0.833
SKU-04-0090,1560,230,0.8618
SKU-04-0091,2350,202,0.8348
SKU-04-0092,1719,176,0.6594
SKU-04-0093,1330,169,0.5948
SKU-04-0094,1251,225,0.6406
SKU-04-0095,1727,156,0.7411
SKU-04-0096,1044,204,0.742
SKU-04-0097,1097,185,0.7714
SKU-04-0098,2628,235,0.7001
SKU-04-0099,1646,212,0.849
SKU-04-0100,1946,201,0.897
SKU-04-0101,1480,178,0.6438
SKU-04-0102,1892,213,0.8299
SKU-04-0103,1122,197,0.8076
SKU-04-0104,1231,238,0.7488
SKU-04-0105,1210,205,0.6216
SKU-04-0106,902,205,0.8522
SKU-04-0107,2022,186,0.915
SKU-04-0108,1126,203,0.8243
SKU-04-0109,1578,196,0.8988
SKU-04-0110,1864,184,0.924
SKU-04-0111,1820,181,0.6838
SKU-04-0112,1278,184,0.7925
SKU-04-0113,1763,242,0.7301
SKU-04-0114,2163,181,0.9249
SKU-04-0115,1606,177,0.5856
SKU-04-0116,2211,214,0.7067
SKU-04-0117,2525,227,0.8827
SKU-04-0118,2068,205,0.6579
SKU-04-0119,1050,225,0.8494
SKU-04-0120,1886,234,0.6955
SKU-04-0121,689,176,0.9224
SKU-04-0122,1740,196,0.8857
SKU-04-0123,2737,236,0.6645
SKU-04-0124,1477,194,0.8427
SKU-04-0125,1228,178,0.678
SKU-04-0126,768,231,0.7804
SKU-04-0127,2688,231,0.8002
SKU-04-0128,781,199,0.8652
SKU-04-0129,603,179,0.5593
SKU-04-0130,923,177,0.6337
SKU-04-0131,661,184,0.8205
SKU-04-0132,1277,180,0.7641
SKU-04-0133,1193,156,0.7383
SKU-04-0134,1128,194,0.571
SKU-04-0135,830,240,0.6823
SKU-04-0136,861,215,0.8787
SKU-04-0137,1221,189,0.5617
SKU-04-0138,812,229,0.7006
SKU-04-0139,1968,212,0.9092
SKU-04-0140,1016,209,0.5693
SKU-04-0141,1144,200,0.8349
SKU-04-0142,1486,227,0.6479
SKU-04-0143,1424,211,0.8793
SKU-04-0144,751,249,0.8335
SKU-04-0145,810,202,0.8866
SKU-04-0146,2336,217,0.6321
SKU-04-0147,569,189,0.7519
SKU-04-0148,1492,197,0.8461
SKU-04-0149,1496,202,0.6434
SKU-04-0150,1122,187,0.6377
SKU-04-0151,1493,217,0.5603
SKU-04-0152,1744,174,0.9142
SKU-04-0153,2030,192,0.8198
SKU-04-0154,1186,222,0.7915
SKU-04-0155,1334,226,0.8327
SKU-04-0156,1119,216,0.752
SKU-04-0157,1574,215,0.7309
SKU-04-0158,1775,194,0.7208
SKU-04-0159,1107,219,0.7934
SKU-04-0160,1428,239,0.6266
SKU-04-0161,2559,225,0.8875
SKU-04-0162,718,209,0.8585
SKU-04-0163,1594,223,0.6828
SKU-04-0164,2031,216,0.7699
SKU-04-0165,784,180,0.6036
SKU-04-0166,709,207,0.9195
SKU-04-0167,938,221,0.8931
SKU-04-0168,2152,191,0.9003
SKU-04-0169,660,214,0.6762
SKU-04-0170,1160,247,0.6143
SKU-04-0171,646,197,0.6305
SKU-04-0172,903,226,0.5842
SKU-04-0173,2051,239,0.5956
SKU-04-0174,890,172,0.5771
SKU-04-0175,1746,215,0.9261
SKU-04-0176,1845,222,0.5781
SKU-04-0177,2299,216,0.6004
SKU-04-0178,666,219,0.8644
SKU-04-0179,2136,200,0.7705
SKU-04-0180,2040,238,0.8443
SKU-04-0181,822,184,0.7897
SKU-04-0182,1832,184,0.8852
SKU-04-0183,2193,205,0.7926
SKU-04-0184,1126,213,0.7484
SKU-04-0185,1893,168,0.8208
SKU-04-0186,1184,167,0.72
SKU-04-0187,1484,176,0.6815
SKU-04-0188,2337,197,0.7277
SKU-04-0189,1238,198,0.6145
SKU-04-0190,2291,222,0.8527
SKU-04-0191,1132,193,0.6491
SKU-04-0192,2151,211,0.6083
SKU-04-0193,2018,240,0.6436
SKU-04-0194,975,197,0.87
SKU-04-0195,1399,208,0.6755
SKU-04-0196,1277,218,0.8107
SKU-04-0197,855,231,0.8754
SKU-04-0198,732,224,0.5795
SKU-04-0199,1273,208,0.8407
SKU-05-0001,501,158,0.6669
SKU-05-0002,611,136,0.6323
SKU-05-0003,1391,146,0.8118
SKU-05-0004,1322,141,0.8957
SKU-05-0005,1968,204,0.6621
SKU-05-0006,820,140,0.7662
SKU-05-0007,1685,153,0.6601
SKU-05-0008,1444,173,0.7606
SKU-05-0009,794,192,0.7863
SKU-05-0010,614,143,0.7819
SKU-05-0011,1691,183,0.7869
SKU-05-0012,652,143,0.6013
SKU-05-0013,1173,155,0.8135
SKU-05-0014,2111,177,0.8064
SKU-05-0015,540,178,0.8094
SKU-05-0016,567,180,0.5781
SKU-05-0017,2185,183,0.7198
SKU-05-0018,1495,181,0.7054
SKU-05-0019,700,169,0.583
SKU-05-0020,1650,149,0.6345
SKU-05-0021,1824,167,0.7176
SKU-05-0022,1135,145,0.8323
SKU-05-0023,1315,153,0.6401
SKU-05-0024,879,161,0.8653
SKU-05-0025,625,181,0.7574
SKU-05-0026,1537,184,0.839
SKU-05-0027,797,141,0.7296
SKU-05-0028,1220,136,0.7397
SKU-05-0029,1642,156,0.7855
SKU-05-0030,522,165,0.9026
SKU-05-0031,1363,163,0.7369
SKU-05-0032,798,157,0.7509
SKU-05-0033,1847,170,0.7788
SKU-05-0034,808,153,0.8303
SKU-05-0035,1343,158,0.5773
SKU-05-0036,1509,189,0.746
SKU-05-0037,1077,164,0.733
SKU-05-0038,1547,170,0.9002
SKU-05-0039,1315,138,0.7375
SKU-05-0040,1426,176,0.728
SKU-05-0041,1395,142,0.9156
SKU-05-0042,1647,139,0.7212
SKU-05-0043,1192,176,0.6187
SKU-05-0044,1267,166,0.6324
SKU-05-0045,479,154,0.5862
SKU-05-0046,1677,165,0.5502
SKU-05-0047,1022,133,0.7141
SKU-05-0048,1007,151,0.8423
SKU-05-0049,600,156,0.8287
SKU-05-0050,1761,160,0.5622
SKU-05-0051,1009,154,0.7666
SKU-05-0052,1618,177,0.6086
SKU-05-0053,721,166,0.9076
SKU-05-0054,2144,184,0.6136
SKU-05-0055,746,162,0.7881
SKU-05-0056,681,142,0.674
SKU-05-0057,2178,203,0.7938
SKU-05-0058,1603,143,0.7067
SKU-05-0059,830,169,0.8387
SKU-05-0060,1410,195,0.6377
SKU-05-0061,1517,158,0.8942
SKU-05-0062,1527,140,0.7401
SKU-05-0063,1032,161,0.8373
SKU-05-0064,1378,180,0.8729
SKU-05-0065,1693,175,0.9296
SKU-05-0066,1562,163,0.6351
SKU-05-0067,1718,171,0.659
SKU-05-0068,1488,183,0.6452
SKU-05-0069,607,154,0.6499
SKU-05-0070,2071,186,0.7713
SKU-05-0071,1813,168,0.9275
SKU-05-0072,1741,171,0.9263
SKU-05-0073,671,172,0.7502
SKU-05-0074,794,164,0.7928
SKU-05-0075,1735,179,0.8768
SKU-05-0076,462,144,0.9045
SKU-05-0077,1878,159,0.6275
SKU-05-0078,876,137,0.7508
SKU-05-0079,1620,171,0.8665
SKU-05-0080,1758,160,0.6652
SKU-05-0081,1192,182,0.7171
SKU-05-0082,781,133,0.9245
SKU-05-0083,1323,156,0.9243
SKU-05-0084,1317,160,0.8943
SKU-05-0085,1303,195,0.8534
SKU-05-0086,1734,206,0.6523
SKU-05-0087,1690,148,0.6719
SKU-05-0088,1262,175,0.758
SKU-05-0089,801,168,0.7631
SKU-05-0090,1074,168,0.7421
SKU-05-0091,1270,194,0.7919
SKU-05-0092,798,191,0.7052
SKU-05-0093,790,177,0.8347
SKU-05-0094,1612,176,0.6767
SKU-05-0095,951,157,0.6757
SKU-05-0096,1855,160,0.5983
SKU-05-0097,779,150,0.6217
SKU-05-0098,681,175,0.8732
SKU-05-0099,1448,148,0.7196
SKU-05-0100,1967,180,0.6366
SKU-05-0101,963,175,0.8385
SKU-05-0102,848,176,0.7605
SKU-05-0103,668,143,0.558
SKU-05-0104,1570,204,0.6702
SKU-05-0105,1241,172,0.6173
SKU-05-0106,688,129,0.7992
SKU-05-0107,579,170,0.6545
SKU-05-0108,1305,178,0.5747
SKU-05-0109,1861,160,0.5709
SKU-05-0110,1313,148,0.7711
SKU-05-0111,1179,158,0.5583
SKU-05-0112,699,175,0.8725
SKU-05-0113,791,150,0.6091
SKU-05-0114,910,161,0.7805
SKU-05-0115,1769,179,0.719
SKU-05-0116,1917,176,0.7183
SKU-05-0117,1990,179,0.5773
SKU-05-0118,2277,192,0.855
SKU-05-0119,1575,133,0.8894
SKU-05-0120,1667,144,0.5542
SKU-05-0121,594,163,0.6179
SKU-05-0122,746,176,0.8935
SKU-05-0123,1045,182,0.7588
SKU-05-0124,1212,152,0.607
SKU-05-0125,616,159,0.6271
SKU-05-0126,1889,178,0.8008
SKU-05-0127,1248,146,0.8254
SKU-05-0128,1379,175,0.7778
SKU-05-0129,776,173,0.9122
SKU-05-0130,929,176,0.7377
SKU-05-0131,849,191,0.6641
SKU-05-0132,1653,155,0.7313
SKU-05-0133,1586,192,0.6867
SKU-05-0134,1462,152,0.6353
SKU-05-0135,980,173,0.5675
SKU-05-0136,1281,202,0.6838
SKU-05-0137,1123,169,0.8203
SKU-05-0138,1830,186,0.557
SKU-05-0139,1662,167,0.7169
SKU-05-0140,904,186,0.7947
SKU-05-0141,1893,165,0.782
SKU-05-0142,633,155,0.8451
SKU-05-0143,1981,179,0.858
SKU-05-0144,613,157,0.8204
SKU-05-0145,888,165,0.5891
SKU-05-0146,1678,158,0.7305
SKU-05-0147,868,188,0.7793
SKU-05-0148,1049,156,0.6433
SKU-05-0149,1290,183,0.5662
SKU-05-0150,672,129,0.635
SKU-05-0151,1390,148,0.7229
SKU-05-0152,1546,145,0.7073
SKU-05-0153,2011,185,0.6171
SKU-05-0154,866,143,0.8633
SKU-05-0155,1104,142,0.9018
SKU-05-0156,906,173,0.6265
SKU-05-0157,765,147,0.9032
SKU-05-0158,726,163,0.5568
SKU-05-0159,2051,179,0.9015
SKU-05-0160,1836,167,0.9117
SKU-05-0161,1180,118,0.5546
SKU-05-0162,1118,146,0.8399
SKU-05-0163,1201,162,0.9187
SKU-05-0164,1344,173,0.8942
SKU-05-0165,1268,162,0.9189
SKU-05-0166,912,132,0.7591
SKU-05-0167,699,167,0.5797
SKU-05-0168,558,135,0.8729
SKU-05-0169,1388,120,0.7833
SKU-05-0170,1042,142,0.7836
SKU-05-0171,1968,170,0.7086
SKU-05-0172,832,186,0.7673
SKU-05-0173,1222,153,0.6084
SKU-05-0174,803,165,0.8311
SKU-05-0175,882,167,0.5785
SKU-05-0176,471,144,0.8273
SKU-05-0177,509,125,0.8726
SKU-05-0178,1800,160,0.7295
SKU-05-0179,1020,173,0.7437
SKU-05-0180,1407,166,0.6686
SKU-05-0181,1142,159,0.9184
SKU-05-0182,1004,152,0.8286
SKU-05-0183,1184,152,0.6902
SKU-05-0184,848,181,0.6164
SKU-05-0185,2546,214,0.6334
SKU-05-0186,1555,150,0.7263
SKU-05-0187,1538,159,0.9082
SKU-05-0188,1126,156,0.829
SKU-05-0189,670,153,0.6318
SKU-05-0190,1715,152,0.8766
SKU-05-0191,1123,185,0.6937
SKU-05-0192,676,196,0.8737
SKU-05-0193,1076,177,0.6418
SKU-05-0194,1695,167,0.7851
SKU-05-0195,1170,136,0.9021
SKU-05-0196,1698,174,0.648
SKU-05-0197,1978,195,0.8133
SKU-05-0198,790,161,0.9252
SKU-05-0199,1663,147,0.6072
