task,model,feature,importance
peak_demand_risk,LogisticRegression,above_rolling_mean_flag,2.0573962426714165
peak_demand_risk,LogisticRegression,day_of_week,1.1450027492568822
peak_demand_risk,LogisticRegression,ewma_7,0.44253113124459686
peak_demand_risk,LogisticRegression,is_month_start,0.3654420009263544
peak_demand_risk,LogisticRegression,ewma_14,0.36266604291104926
peak_demand_risk,LogisticRegression,category_id,0.25341024613528906
peak_demand_risk,LogisticRegression,is_weekend,0.23879303471918012
peak_demand_risk,LogisticRegression,category_std_volume,0.11529085633651587
peak_demand_risk,LogisticRegression,region_std_volume,0.07517251465149835
peak_demand_risk,LogisticRegression,region_avg_volume,0.07392482604322062
peak_demand_risk,LogisticRegression,rolling_mean_7,0.07058494266588013
peak_demand_risk,LogisticRegression,rolling_mean_14,0.06641825219444457
peak_demand_risk,LogisticRegression,week_of_year,0.05705011535485555
peak_demand_risk,LogisticRegression,peak_ratio_30d,0.05382918492372736
peak_demand_risk,LogisticRegression,nearest_hub_distance_km,0.03910144685629691
peak_demand_risk,LogisticRegression,region_category_avg_volume,0.038174417511442106
peak_demand_risk,LogisticRegression,lag_1,0.03138842757939775
peak_demand_risk,LogisticRegression,od_lane_volume_rank,0.027689810336820716
peak_demand_risk,LogisticRegression,is_month_end,0.02754223084603212
peak_demand_risk,LogisticRegression,rolling_min_28,0.024856667242364197
peak_demand_risk,RandomForestClassifier,lag_7,0.15988669271865236
peak_demand_risk,RandomForestClassifier,lag_14,0.12427112844179689
peak_demand_risk,RandomForestClassifier,ewma_7,0.11759505638001852
peak_demand_risk,RandomForestClassifier,rolling_mean_7,0.10813485639844103
peak_demand_risk,RandomForestClassifier,ewma_14,0.0640174543568466
peak_demand_risk,RandomForestClassifier,rolling_mean_14,0.05457806629963089
peak_demand_risk,RandomForestClassifier,expanding_mean,0.049453720505892855
peak_demand_risk,RandomForestClassifier,lag_28,0.04716810905752933
peak_demand_risk,RandomForestClassifier,rolling_min_28,0.04514370756425415
peak_demand_risk,RandomForestClassifier,day_of_week,0.029796554175332935
peak_demand_risk,RandomForestClassifier,above_rolling_mean_flag,0.02720982896465875
peak_demand_risk,RandomForestClassifier,rolling_max_28,0.025191014782544662
peak_demand_risk,RandomForestClassifier,rolling_std_7,0.021737872485681722
peak_demand_risk,RandomForestClassifier,region_category_avg_volume,0.02068435703866162
peak_demand_risk,RandomForestClassifier,od_lane_volume_rank,0.020660506731217772
peak_demand_risk,RandomForestClassifier,lag_1,0.019553816656289153
peak_demand_risk,RandomForestClassifier,is_weekend,0.010417957914016732
peak_demand_risk,RandomForestClassifier,day,0.007762200292450526
peak_demand_risk,RandomForestClassifier,peak_ratio_30d,0.00679996087193659
peak_demand_risk,RandomForestClassifier,region_avg_volume,0.0067476990963928115
peak_demand_risk,GradientBoostingClassifier,lag_7,0.6939916132391887
peak_demand_risk,GradientBoostingClassifier,ewma_7,0.13129355899731518
peak_demand_risk,GradientBoostingClassifier,lag_14,0.0639209299305111
peak_demand_risk,GradientBoostingClassifier,above_rolling_mean_flag,0.045293764719460484
peak_demand_risk,GradientBoostingClassifier,day_of_week,0.01391998116495563
peak_demand_risk,GradientBoostingClassifier,lag_1,0.00943575815210146
peak_demand_risk,GradientBoostingClassifier,rolling_mean_7,0.007200015565031096
peak_demand_risk,GradientBoostingClassifier,rolling_std_7,0.007082187296288627
peak_demand_risk,GradientBoostingClassifier,lag_28,0.005718168942800875
peak_demand_risk,GradientBoostingClassifier,rolling_max_28,0.004338624211647804
peak_demand_risk,GradientBoostingClassifier,rolling_mean_14,0.003604991651332061
peak_demand_risk,GradientBoostingClassifier,region_category_avg_volume,0.0032247411233128254
peak_demand_risk,GradientBoostingClassifier,ewma_14,0.0028774370597496805
peak_demand_risk,GradientBoostingClassifier,day,0.0019851064729574184
peak_demand_risk,GradientBoostingClassifier,peak_ratio_30d,0.0012048195894493437
peak_demand_risk,GradientBoostingClassifier,rolling_min_28,0.0010347138179402657
peak_demand_risk,GradientBoostingClassifier,expanding_mean,0.000911788882057465
peak_demand_risk,GradientBoostingClassifier,week_of_year,0.0007508785900855464
peak_demand_risk,GradientBoostingClassifier,region_median_volume,0.0006088498337011953
peak_demand_risk,GradientBoostingClassifier,od_lane_volume_rank,0.00034617097866819084
peak_demand_risk,HistGradientBoostingClassifier,nearest_hub_distance_km,0.0
peak_demand_risk,HistGradientBoostingClassifier,od_lane_volume_rank,0.0
peak_demand_risk,HistGradientBoostingClassifier,top_category_share_by_region,0.0
peak_demand_risk,HistGradientBoostingClassifier,category_entropy_by_region,0.0
peak_demand_risk,HistGradientBoostingClassifier,above_rolling_mean_flag,0.0
peak_demand_risk,HistGradientBoostingClassifier,peak_ratio_30d,0.0
peak_demand_risk,HistGradientBoostingClassifier,ewma_14,0.0
peak_demand_risk,HistGradientBoostingClassifier,ewma_7,0.0
peak_demand_risk,HistGradientBoostingClassifier,expanding_mean,0.0
peak_demand_risk,HistGradientBoostingClassifier,rolling_min_28,0.0
peak_demand_risk,HistGradientBoostingClassifier,rolling_max_28,0.0
peak_demand_risk,HistGradientBoostingClassifier,rolling_std_7,0.0
peak_demand_risk,HistGradientBoostingClassifier,rolling_mean_14,0.0
peak_demand_risk,HistGradientBoostingClassifier,rolling_mean_7,0.0
peak_demand_risk,HistGradientBoostingClassifier,lag_28,0.0
peak_demand_risk,HistGradientBoostingClassifier,lag_14,0.0
peak_demand_risk,HistGradientBoostingClassifier,lag_7,0.0
peak_demand_risk,HistGradientBoostingClassifier,lag_1,0.0
peak_demand_risk,HistGradientBoostingClassifier,region_category_cv,0.0
peak_demand_risk,HistGradientBoostingClassifier,region_category_avg_volume,0.0
stockout_risk,LogisticRegression,day_of_week,1.3187590418905764
stockout_risk,LogisticRegression,above_rolling_mean_flag,0.8538290036208206
stockout_risk,LogisticRegression,ewma_7,0.7438708756115717
stockout_risk,LogisticRegression,ewma_14,0.5672292051496676
stockout_risk,LogisticRegression,is_month_start,0.3141915863801848
stockout_risk,LogisticRegression,is_month_end,0.1553082413177203
stockout_risk,LogisticRegression,rolling_mean_7,0.14518023166960994
stockout_risk,LogisticRegression,region_std_volume,0.08046786159636876
stockout_risk,LogisticRegression,category_std_volume,0.06390763318752923
stockout_risk,LogisticRegression,od_lane_volume_rank,0.05994780846350277
stockout_risk,LogisticRegression,lag_1,0.05381231564491838
stockout_risk,LogisticRegression,rolling_max_28,0.03947878237807044
stockout_risk,LogisticRegression,month,0.03795114183392193
stockout_risk,LogisticRegression,category_id,0.03663101630195329
stockout_risk,LogisticRegression,category_avg_volume,0.03202346517997049
stockout_risk,LogisticRegression,region_avg_volume,0.03083244118098874
stockout_risk,LogisticRegression,is_weekend,0.030039973036820204
stockout_risk,LogisticRegression,rolling_mean_14,0.029584859571862264
stockout_risk,LogisticRegression,rolling_min_28,0.01879144331148647
stockout_risk,LogisticRegression,nearest_hub_distance_km,0.01564374144456151
stockout_risk,RandomForestClassifier,day_of_week,0.23616058248813496
stockout_risk,RandomForestClassifier,above_rolling_mean_flag,0.09435384655595855
stockout_risk,RandomForestClassifier,lag_1,0.05141242222798169
stockout_risk,RandomForestClassifier,rolling_std_7,0.045486329404445414
stockout_risk,RandomForestClassifier,week_of_year,0.03766520662012982
stockout_risk,RandomForestClassifier,ewma_7,0.03651744506568527
stockout_risk,RandomForestClassifier,peak_ratio_30d,0.036369075533161585
stockout_risk,RandomForestClassifier,lag_7,0.03498453030570979
stockout_risk,RandomForestClassifier,rolling_mean_7,0.032459155302295144
stockout_risk,RandomForestClassifier,day,0.03195735302244775
stockout_risk,RandomForestClassifier,lag_14,0.03145482980254727
stockout_risk,RandomForestClassifier,rolling_mean_14,0.031073652021128165
stockout_risk,RandomForestClassifier,lag_28,0.030320805315794865
stockout_risk,RandomForestClassifier,is_weekend,0.028866369645736058
stockout_risk,RandomForestClassifier,ewma_14,0.02857874897753753
stockout_risk,RandomForestClassifier,expanding_mean,0.028550829592462825
stockout_risk,RandomForestClassifier,rolling_min_28,0.02653678687831678
stockout_risk,RandomForestClassifier,rolling_max_28,0.02353314770084826
stockout_risk,RandomForestClassifier,month,0.022753917403808315
stockout_risk,RandomForestClassifier,region_category_cv,0.012739311098582428
stockout_risk,GradientBoostingClassifier,day_of_week,0.6196914830596307
stockout_risk,GradientBoostingClassifier,above_rolling_mean_flag,0.12444225254418732
stockout_risk,GradientBoostingClassifier,month,0.056451087805082484
stockout_risk,GradientBoostingClassifier,rolling_std_7,0.04329630263208608
stockout_risk,GradientBoostingClassifier,week_of_year,0.03861273604558302
stockout_risk,GradientBoostingClassifier,day,0.02403387589788685
stockout_risk,GradientBoostingClassifier,rolling_min_28,0.017202065279634703
stockout_risk,GradientBoostingClassifier,rolling_mean_7,0.015904189773504142
stockout_risk,GradientBoostingClassifier,rolling_max_28,0.011041541951733642
stockout_risk,GradientBoostingClassifier,rolling_mean_14,0.0103110412906344
stockout_risk,GradientBoostingClassifier,category_id,0.007081421034154344
stockout_risk,GradientBoostingClassifier,lag_1,0.00670886885662202
stockout_risk,GradientBoostingClassifier,lag_7,0.0066484928384988266
stockout_risk,GradientBoostingClassifier,ewma_7,0.0031350000366157844
stockout_risk,GradientBoostingClassifier,region_category_cv,0.002640585503448776
stockout_risk,GradientBoostingClassifier,lag_28,0.002560774602120612
stockout_risk,GradientBoostingClassifier,peak_ratio_30d,0.0024314763077799974
stockout_risk,GradientBoostingClassifier,expanding_mean,0.002369126181063964
stockout_risk,GradientBoostingClassifier,lag_14,0.001954651504040271
stockout_risk,GradientBoostingClassifier,ewma_14,0.0010782291278529442
stockout_risk,HistGradientBoostingClassifier,nearest_hub_distance_km,0.0
stockout_risk,HistGradientBoostingClassifier,od_lane_volume_rank,0.0
stockout_risk,HistGradientBoostingClassifier,top_category_share_by_region,0.0
stockout_risk,HistGradientBoostingClassifier,category_entropy_by_region,0.0
stockout_risk,HistGradientBoostingClassifier,above_rolling_mean_flag,0.0
stockout_risk,HistGradientBoostingClassifier,peak_ratio_30d,0.0
stockout_risk,HistGradientBoostingClassifier,ewma_14,0.0
stockout_risk,HistGradientBoostingClassifier,ewma_7,0.0
stockout_risk,HistGradientBoostingClassifier,expanding_mean,0.0
stockout_risk,HistGradientBoostingClassifier,rolling_min_28,0.0
stockout_risk,HistGradientBoostingClassifier,rolling_max_28,0.0
stockout_risk,HistGradientBoostingClassifier,rolling_std_7,0.0
stockout_risk,HistGradientBoostingClassifier,rolling_mean_14,0.0
stockout_risk,HistGradientBoostingClassifier,rolling_mean_7,0.0
stockout_risk,HistGradientBoostingClassifier,lag_28,0.0
stockout_risk,HistGradientBoostingClassifier,lag_14,0.0
stockout_risk,HistGradientBoostingClassifier,lag_7,0.0
stockout_risk,HistGradientBoostingClassifier,lag_1,0.0
stockout_risk,HistGradientBoostingClassifier,region_category_cv,0.0
stockout_risk,HistGradientBoostingClassifier,region_category_avg_volume,0.0
late_delivery_risk,LogisticRegression,day_of_week,0.8946729626323977
late_delivery_risk,LogisticRegression,above_rolling_mean_flag,0.8907254583088408
late_delivery_risk,LogisticRegression,ewma_7,0.6389834506519477
late_delivery_risk,LogisticRegression,ewma_14,0.6299572905432321
late_delivery_risk,LogisticRegression,is_month_start,0.2203155549201978
late_delivery_risk,LogisticRegression,is_month_end,0.127737002258089
late_delivery_risk,LogisticRegression,peak_ratio_30d,0.10119155078295052
late_delivery_risk,LogisticRegression,region_std_volume,0.07768652425759322
late_delivery_risk,LogisticRegression,rolling_mean_14,0.07662692693441392
late_delivery_risk,LogisticRegression,category_std_volume,0.06964723578801861
late_delivery_risk,LogisticRegression,rolling_mean_7,0.06328632252690945
late_delivery_risk,LogisticRegression,is_weekend,0.04886576818007434
late_delivery_risk,LogisticRegression,od_lane_volume_rank,0.048802982632270675
late_delivery_risk,LogisticRegression,lag_1,0.04179521171033279
late_delivery_risk,LogisticRegression,month,0.03464638304391308
late_delivery_risk,LogisticRegression,category_avg_volume,0.03416534395973277
late_delivery_risk,LogisticRegression,region_avg_volume,0.03195909065942605
late_delivery_risk,LogisticRegression,rolling_max_28,0.024839159777609626
late_delivery_risk,LogisticRegression,rolling_min_28,0.024201578377926573
late_delivery_risk,LogisticRegression,category_id,0.018438218845783193
late_delivery_risk,RandomForestClassifier,day_of_week,0.24952325105686876
late_delivery_risk,RandomForestClassifier,above_rolling_mean_flag,0.09102332004537085
late_delivery_risk,RandomForestClassifier,lag_1,0.0485318678220821
late_delivery_risk,RandomForestClassifier,rolling_std_7,0.04064920842855664
late_delivery_risk,RandomForestClassifier,week_of_year,0.03776462635189534
late_delivery_risk,RandomForestClassifier,ewma_7,0.037513496083890895
late_delivery_risk,RandomForestClassifier,lag_7,0.03682420780168701
late_delivery_risk,RandomForestClassifier,peak_ratio_30d,0.035135477346924675
late_delivery_risk,RandomForestClassifier,day,0.03424997612767919
late_delivery_risk,RandomForestClassifier,lag_14,0.03160637128408325
late_delivery_risk,RandomForestClassifier,lag_28,0.031125192131969397
late_delivery_risk,RandomForestClassifier,rolling_mean_7,0.030343268198350364
late_delivery_risk,RandomForestClassifier,ewma_14,0.029109444747878903
late_delivery_risk,RandomForestClassifier,expanding_mean,0.029106397922721974
late_delivery_risk,RandomForestClassifier,rolling_mean_14,0.028221198864107986
late_delivery_risk,RandomForestClassifier,is_weekend,0.028102723099887407
late_delivery_risk,RandomForestClassifier,month,0.02476109693785501
late_delivery_risk,RandomForestClassifier,rolling_max_28,0.021804210743632403
late_delivery_risk,RandomForestClassifier,rolling_min_28,0.0214540126839041
late_delivery_risk,RandomForestClassifier,region_category_cv,0.013715481500799707
late_delivery_risk,GradientBoostingClassifier,day_of_week,0.6697515177368679
late_delivery_risk,GradientBoostingClassifier,above_rolling_mean_flag,0.12757430989936347
late_delivery_risk,GradientBoostingClassifier,week_of_year,0.060916320548409585
late_delivery_risk,GradientBoostingClassifier,month,0.03818616204617708
late_delivery_risk,GradientBoostingClassifier,rolling_std_7,0.03214071069353847
late_delivery_risk,GradientBoostingClassifier,day,0.024746430748864717
late_delivery_risk,GradientBoostingClassifier,lag_7,0.007897521245805554
late_delivery_risk,GradientBoostingClassifier,category_id,0.005578264514953146
late_delivery_risk,GradientBoostingClassifier,ewma_7,0.004475419479596265
late_delivery_risk,GradientBoostingClassifier,lag_1,0.004032145779028795
late_delivery_risk,GradientBoostingClassifier,rolling_max_28,0.003950858107528442
late_delivery_risk,GradientBoostingClassifier,region_category_cv,0.003109606207393442
late_delivery_risk,GradientBoostingClassifier,lag_28,0.0025177343867249413
late_delivery_risk,GradientBoostingClassifier,lag_14,0.0024882840490228608
late_delivery_risk,GradientBoostingClassifier,expanding_mean,0.002399128916058943
late_delivery_risk,GradientBoostingClassifier,region_category_avg_volume,0.0023770389975931797
late_delivery_risk,GradientBoostingClassifier,rolling_min_28,0.0016798252196058919
late_delivery_risk,GradientBoostingClassifier,peak_ratio_30d,0.001248754586147003
late_delivery_risk,GradientBoostingClassifier,od_lane_volume_rank,0.0011499246292987501
late_delivery_risk,GradientBoostingClassifier,is_month_start,0.0008549215154359978
late_delivery_risk,HistGradientBoostingClassifier,nearest_hub_distance_km,0.0
late_delivery_risk,HistGradientBoostingClassifier,od_lane_volume_rank,0.0
late_delivery_risk,HistGradientBoostingClassifier,top_category_share_by_region,0.0
late_delivery_risk,HistGradientBoostingClassifier,category_entropy_by_region,0.0
late_delivery_risk,HistGradientBoostingClassifier,above_rolling_mean_flag,0.0
late_delivery_risk,HistGradientBoostingClassifier,peak_ratio_30d,0.0
late_delivery_risk,HistGradientBoostingClassifier,ewma_14,0.0
late_delivery_risk,HistGradientBoostingClassifier,ewma_7,0.0
late_delivery_risk,HistGradientBoostingClassifier,expanding_mean,0.0
late_delivery_risk,HistGradientBoostingClassifier,rolling_min_28,0.0
late_delivery_risk,HistGradientBoostingClassifier,rolling_max_28,0.0
late_delivery_risk,HistGradientBoostingClassifier,rolling_std_7,0.0
late_delivery_risk,HistGradientBoostingClassifier,rolling_mean_14,0.0
late_delivery_risk,HistGradientBoostingClassifier,rolling_mean_7,0.0
late_delivery_risk,HistGradientBoostingClassifier,lag_28,0.0
late_delivery_risk,HistGradientBoostingClassifier,lag_14,0.0
late_delivery_risk,HistGradientBoostingClassifier,lag_7,0.0
late_delivery_risk,HistGradientBoostingClassifier,lag_1,0.0
late_delivery_risk,HistGradientBoostingClassifier,region_category_cv,0.0
late_delivery_risk,HistGradientBoostingClassifier,region_category_avg_volume,0.0
