region_name,product_category,order_count,baseline_order_volume,peak_order_volume,peak_order_ratio,risk_score,risk_level,business_action
강남구,도서/문구,1037,829.6,1244.3999999999999,1.4999999999999998,1.4999999999999998,High,피크 대응 안전재고 확대
강남구,생활용품,3325,2660.0,3990.0,1.5,1.5,High,피크 대응 안전재고 확대
강남구,식품/신선,2700,2160.0,3240.0,1.5,1.5,High,피크 대응 안전재고 확대
강남구,전자/가전,1297,1037.6000000000001,1556.3999999999999,1.4999999999999998,1.4999999999999998,High,피크 대응 안전재고 확대
강남구,패션/잡화,3135,2508.0,3762.0,1.5,1.5,High,피크 대응 안전재고 확대
강동구,도서/문구,597,477.6,716.4,1.4999999999999998,1.4999999999999998,High,피크 대응 안전재고 확대
강동구,생활용품,1990,1592.0,2388.0,1.5,1.5,High,피크 대응 안전재고 확대
강동구,식품/신선,1607,1285.6000000000001,1928.3999999999999,1.4999999999999998,1.4999999999999998,High,피크 대응 안전재고 확대
강동구,전자/가전,761,608.8000000000001,913.1999999999999,1.4999999999999998,1.4999999999999998,High,피크 대응 안전재고 확대
강동구,패션/잡화,1860,1488.0,2232.0,1.5,1.5,High,피크 대응 안전재고 확대
강북구,도서/문구,233,186.4,279.59999999999997,1.4999999999999998,1.4999999999999998,High,피크 대응 안전재고 확대
강북구,생활용품,902,721.6,1082.3999999999999,1.4999999999999998,1.4999999999999998,High,피크 대응 안전재고 확대
강북구,식품/신선,724,579.2,868.8,1.4999999999999998,1.4999999999999998,High,피크 대응 안전재고 확대
강북구,전자/가전,302,241.60000000000002,362.4,1.4999999999999998,1.4999999999999998,High,피크 대응 안전재고 확대
강북구,패션/잡화,843,674.4000000000001,1011.5999999999999,1.4999999999999996,1.4999999999999996,High,피크 대응 안전재고 확대
강서구,도서/문구,848,678.4000000000001,1017.5999999999999,1.4999999999999996,1.4999999999999996,High,피크 대응 안전재고 확대
강서구,생활용품,2761,2208.8,3313.2,1.4999999999999998,1.4999999999999998,High,피크 대응 안전재고 확대
강서구,식품/신선,2245,1796.0,2694.0,1.5,1.5,High,피크 대응 안전재고 확대
강서구,전자/가전,1067,853.6,1280.3999999999999,1.4999999999999998,1.4999999999999998,High,피크 대응 안전재고 확대
강서구,패션/잡화,2586,2068.8,3103.2,1.4999999999999998,1.4999999999999998,High,피크 대응 안전재고 확대
관악구,도서/문구,690,552.0,828.0,1.5,1.5,High,피크 대응 안전재고 확대
관악구,생활용품,2259,1807.2,2710.7999999999997,1.4999999999999998,1.4999999999999998,High,피크 대응 안전재고 확대
관악구,식품/신선,1841,1472.8000000000002,2209.2,1.4999999999999998,1.4999999999999998,High,피크 대응 안전재고 확대
관악구,전자/가전,855,684.0,1026.0,1.5,1.5,High,피크 대응 안전재고 확대
관악구,패션/잡화,2119,1695.2,2542.7999999999997,1.4999999999999998,1.4999999999999998,High,피크 대응 안전재고 확대
광진구,도서/문구,386,308.8,463.2,1.5,1.5,High,피크 대응 안전재고 확대
광진구,생활용품,1351,1080.8,1621.2,1.5,1.5,High,피크 대응 안전재고 확대
광진구,식품/신선,1112,889.6,1334.3999999999999,1.4999999999999998,1.4999999999999998,High,피크 대응 안전재고 확대
광진구,전자/가전,498,398.40000000000003,597.6,1.5,1.5,High,피크 대응 안전재고 확대
광진구,패션/잡화,1273,1018.4000000000001,1527.6,1.4999999999999998,1.4999999999999998,High,피크 대응 안전재고 확대
구로구,도서/문구,452,361.6,542.4,1.4999999999999998,1.4999999999999998,High,피크 대응 안전재고 확대
구로구,생활용품,1587,1269.6000000000001,1904.3999999999999,1.4999999999999998,1.4999999999999998,High,피크 대응 안전재고 확대
구로구,식품/신선,1294,1035.2,1552.8,1.5,1.5,High,피크 대응 안전재고 확대
구로구,전자/가전,591,472.8,709.1999999999999,1.4999999999999998,1.4999999999999998,High,피크 대응 안전재고 확대
구로구,패션/잡화,1486,1188.8,1783.2,1.5,1.5,High,피크 대응 안전재고 확대
금천구,도서/문구,212,169.60000000000002,254.39999999999998,1.4999999999999996,1.4999999999999996,High,피크 대응 안전재고 확대
금천구,생활용품,713,570.4,855.6,1.5,1.5,High,피크 대응 안전재고 확대
금천구,식품/신선,561,448.8,673.1999999999999,1.4999999999999998,1.4999999999999998,High,피크 대응 안전재고 확대
금천구,전자/가전,228,182.4,273.59999999999997,1.4999999999999998,1.4999999999999998,High,피크 대응 안전재고 확대
금천구,패션/잡화,659,527.2,790.8,1.4999999999999998,1.4999999999999998,High,피크 대응 안전재고 확대
노원구,도서/문구,586,468.8,703.1999999999999,1.4999999999999998,1.4999999999999998,High,피크 대응 안전재고 확대
노원구,생활용품,1957,1565.6000000000001,2348.4,1.5,1.5,High,피크 대응 안전재고 확대
노원구,식품/신선,1591,1272.8000000000002,1909.1999999999998,1.4999999999999996,1.4999999999999996,High,피크 대응 안전재고 확대
노원구,전자/가전,739,591.2,886.8,1.4999999999999998,1.4999999999999998,High,피크 대응 안전재고 확대
노원구,패션/잡화,1839,1471.2,2206.7999999999997,1.4999999999999998,1.4999999999999998,High,피크 대응 안전재고 확대
도봉구,도서/문구,238,190.4,285.59999999999997,1.4999999999999998,1.4999999999999998,High,피크 대응 안전재고 확대
도봉구,생활용품,933,746.4000000000001,1119.6,1.4999999999999998,1.4999999999999998,High,피크 대응 안전재고 확대
도봉구,식품/신선,745,596.0,894.0,1.5,1.5,High,피크 대응 안전재고 확대
도봉구,전자/가전,317,253.60000000000002,380.4,1.4999999999999998,1.4999999999999998,High,피크 대응 안전재고 확대
도봉구,패션/잡화,874,699.2,1048.8,1.4999999999999998,1.4999999999999998,High,피크 대응 안전재고 확대
동대문구,도서/문구,364,291.2,436.8,1.5,1.5,High,피크 대응 안전재고 확대
동대문구,생활용품,1297,1037.6000000000001,1556.3999999999999,1.4999999999999998,1.4999999999999998,High,피크 대응 안전재고 확대
동대문구,식품/신선,1054,843.2,1264.8,1.4999999999999998,1.4999999999999998,High,피크 대응 안전재고 확대
동대문구,전자/가전,470,376.0,564.0,1.5,1.5,High,피크 대응 안전재고 확대
동대문구,패션/잡화,1220,976.0,1464.0,1.5,1.5,High,피크 대응 안전재고 확대
동작구,도서/문구,448,358.40000000000003,537.6,1.5,1.5,High,피크 대응 안전재고 확대
동작구,생활용품,1560,1248.0,1872.0,1.5,1.5,High,피크 대응 안전재고 확대
동작구,식품/신선,1261,1008.8000000000001,1513.2,1.5,1.5,High,피크 대응 안전재고 확대
동작구,전자/가전,574,459.20000000000005,688.8,1.4999999999999998,1.4999999999999998,High,피크 대응 안전재고 확대
동작구,패션/잡화,1464,1171.2,1756.8,1.5,1.5,High,피크 대응 안전재고 확대
마포구,도서/문구,558,446.40000000000003,669.6,1.5,1.5,High,피크 대응 안전재고 확대
마포구,생활용품,1873,1498.4,2247.6,1.4999999999999998,1.4999999999999998,High,피크 대응 안전재고 확대
마포구,식품/신선,1517,1213.6000000000001,1820.3999999999999,1.4999999999999998,1.4999999999999998,High,피크 대응 안전재고 확대
마포구,전자/가전,705,564.0,846.0,1.5,1.5,High,피크 대응 안전재고 확대
마포구,패션/잡화,1768,1414.4,2121.6,1.4999999999999998,1.4999999999999998,High,피크 대응 안전재고 확대
서대문구,도서/문구,328,262.40000000000003,393.59999999999997,1.4999999999999998,1.4999999999999998,High,피크 대응 안전재고 확대
서대문구,생활용품,1178,942.4000000000001,1413.6,1.4999999999999998,1.4999999999999998,High,피크 대응 안전재고 확대
서대문구,식품/신선,942,753.6,1130.3999999999999,1.4999999999999998,1.4999999999999998,High,피크 대응 안전재고 확대
서대문구,전자/가전,413,330.40000000000003,495.59999999999997,1.4999999999999998,1.4999999999999998,High,피크 대응 안전재고 확대
서대문구,패션/잡화,1099,879.2,1318.8,1.4999999999999998,1.4999999999999998,High,피크 대응 안전재고 확대
서초구,도서/문구,625,500.0,750.0,1.5,1.5,High,피크 대응 안전재고 확대
서초구,생활용품,2099,1679.2,2518.7999999999997,1.4999999999999998,1.4999999999999998,High,피크 대응 안전재고 확대
서초구,식품/신선,1700,1360.0,2040.0,1.5,1.5,High,피크 대응 안전재고 확대
서초구,전자/가전,791,632.8000000000001,949.1999999999999,1.4999999999999998,1.4999999999999998,High,피크 대응 안전재고 확대
서초구,패션/잡화,1962,1569.6000000000001,2354.4,1.5,1.5,High,피크 대응 안전재고 확대
성동구,도서/문구,348,278.40000000000003,417.59999999999997,1.4999999999999998,1.4999999999999998,High,피크 대응 안전재고 확대
성동구,생활용품,1237,989.6,1484.3999999999999,1.4999999999999998,1.4999999999999998,High,피크 대응 안전재고 확대
성동구,식품/신선,1003,802.4000000000001,1203.6,1.4999999999999998,1.4999999999999998,High,피크 대응 안전재고 확대
성동구,전자/가전,433,346.40000000000003,519.6,1.5,1.5,High,피크 대응 안전재고 확대
성동구,패션/잡화,1175,940.0,1410.0,1.5,1.5,High,피크 대응 안전재고 확대
성북구,도서/문구,478,382.40000000000003,573.6,1.5,1.5,High,피크 대응 안전재고 확대
성북구,생활용품,1621,1296.8000000000002,1945.1999999999998,1.4999999999999996,1.4999999999999996,High,피크 대응 안전재고 확대
성북구,식품/신선,1304,1043.2,1564.8,1.5,1.5,High,피크 대응 안전재고 확대
성북구,전자/가전,583,466.40000000000003,699.6,1.5,1.5,High,피크 대응 안전재고 확대
성북구,패션/잡화,1515,1212.0,1818.0,1.5,1.5,High,피크 대응 안전재고 확대
송파구,도서/문구,1183,946.4000000000001,1419.6,1.4999999999999998,1.4999999999999998,High,피크 대응 안전재고 확대
송파구,생활용품,3734,2987.2000000000003,4480.8,1.5,1.5,High,피크 대응 안전재고 확대
송파구,식품/신선,3052,2441.6,3662.4,1.5,1.5,High,피크 대응 안전재고 확대
송파구,전자/가전,1459,1167.2,1750.8,1.5,1.5,High,피크 대응 안전재고 확대
송파구,패션/잡화,3514,2811.2000000000003,4216.8,1.5,1.5,High,피크 대응 안전재고 확대
양천구,도서/문구,533,426.40000000000003,639.6,1.5,1.5,High,피크 대응 안전재고 확대
양천구,생활용품,1766,1412.8000000000002,2119.2,1.4999999999999998,1.4999999999999998,High,피크 대응 안전재고 확대
양천구,식품/신선,1439,1151.2,1726.8,1.5,1.5,High,피크 대응 안전재고 확대
양천구,전자/가전,658,526.4,789.6,1.5,1.5,High,피크 대응 안전재고 확대
양천구,패션/잡화,1646,1316.8000000000002,1975.1999999999998,1.4999999999999996,1.4999999999999996,High,피크 대응 안전재고 확대
영등포구,도서/문구,559,447.20000000000005,670.8,1.4999999999999998,1.4999999999999998,High,피크 대응 안전재고 확대
영등포구,생활용품,1827,1461.6000000000001,2192.4,1.5,1.5,High,피크 대응 안전재고 확대
영등포구,식품/신선,1478,1182.4,1773.6,1.4999999999999998,1.4999999999999998,High,피크 대응 안전재고 확대
영등포구,전자/가전,681,544.8000000000001,817.1999999999999,1.4999999999999998,1.4999999999999998,High,피크 대응 안전재고 확대
영등포구,패션/잡화,1732,1385.6000000000001,2078.4,1.5,1.5,High,피크 대응 안전재고 확대
용산구,도서/문구,241,192.8,289.2,1.4999999999999998,1.4999999999999998,High,피크 대응 안전재고 확대
용산구,생활용품,933,746.4000000000001,1119.6,1.4999999999999998,1.4999999999999998,High,피크 대응 안전재고 확대
용산구,식품/신선,742,593.6,890.4,1.5,1.5,High,피크 대응 안전재고 확대
용산구,전자/가전,309,247.20000000000002,370.8,1.5,1.5,High,피크 대응 안전재고 확대
용산구,패션/잡화,880,704.0,1056.0,1.5,1.5,High,피크 대응 안전재고 확대
은평구,도서/문구,511,408.8,613.1999999999999,1.4999999999999998,1.4999999999999998,High,피크 대응 안전재고 확대
은평구,생활용품,1750,1400.0,2100.0,1.5,1.5,High,피크 대응 안전재고 확대
은평구,식품/신선,1420,1136.0,1704.0,1.5,1.5,High,피크 대응 안전재고 확대
은평구,전자/가전,648,518.4,777.6,1.5,1.5,High,피크 대응 안전재고 확대
은평구,패션/잡화,1643,1314.4,1971.6,1.4999999999999998,1.4999999999999998,High,피크 대응 안전재고 확대
종로구,도서/문구,210,168.0,252.0,1.5,1.5,High,피크 대응 안전재고 확대
종로구,생활용품,409,327.20000000000005,490.79999999999995,1.4999999999999996,1.4999999999999996,High,피크 대응 안전재고 확대
종로구,식품/신선,316,252.8,379.2,1.4999999999999998,1.4999999999999998,High,피크 대응 안전재고 확대
종로구,전자/가전,210,168.0,252.0,1.5,1.5,High,피크 대응 안전재고 확대
종로구,패션/잡화,390,312.0,468.0,1.5,1.5,High,피크 대응 안전재고 확대
중구,도서/문구,210,168.0,252.0,1.5,1.5,High,피크 대응 안전재고 확대
중구,생활용품,353,282.40000000000003,423.59999999999997,1.4999999999999998,1.4999999999999998,High,피크 대응 안전재고 확대
중구,식품/신선,276,220.8,331.2,1.4999999999999998,1.4999999999999998,High,피크 대응 안전재고 확대
중구,전자/가전,210,168.0,252.0,1.5,1.5,High,피크 대응 안전재고 확대
중구,패션/잡화,323,258.40000000000003,387.59999999999997,1.4999999999999998,1.4999999999999998,High,피크 대응 안전재고 확대
중랑구,도서/문구,368,294.40000000000003,441.59999999999997,1.4999999999999998,1.4999999999999998,High,피크 대응 안전재고 확대
중랑구,생활용품,1310,1048.0,1572.0,1.5,1.5,High,피크 대응 안전재고 확대
중랑구,식품/신선,1080,864.0,1296.0,1.5,1.5,High,피크 대응 안전재고 확대
중랑구,전자/가전,479,383.20000000000005,574.8,1.4999999999999998,1.4999999999999998,High,피크 대응 안전재고 확대
중랑구,패션/잡화,1242,993.6,1490.3999999999999,1.4999999999999998,1.4999999999999998,High,피크 대응 안전재고 확대
