warehouse_id,region_name,product_category,forecast_demand,available_inventory,safety_stock,stockout_gap,stockout_risk_score,reorder_priority,business_action
WH-01,강남구,생활용품,511,505.28183788410695,82.61165344398069,88.32981555987374,0.14880067641429726,Low,고위험 SKU는 안전재고 20% 상향 및 긴급 reorder 실행
WH-02,강동구,식품,531,444.9270673912497,66.61673226254396,152.68966487129433,0.2554976402571924,Medium,고위험 SKU는 안전재고 20% 상향 및 긴급 reorder 실행
WH-03,강북구,디지털,502,512.7711576426359,105.44406506758907,94.67290742495311,0.15585452697512,Low,고위험 SKU는 안전재고 20% 상향 및 긴급 reorder 실행
WH-04,강서구,패션,528,359.27539267348453,127.25097755295477,295.9755848794702,0.45169804398430013,Medium,고위험 SKU는 안전재고 20% 상향 및 긴급 reorder 실행
WH-01,관악구,헬스케어,507,573.7748894253017,57.79106743175373,0.0,0.0,Low,고위험 SKU는 안전재고 20% 상향 및 긴급 reorder 실행
WH-02,광진구,반려용품,465,645.9971921956038,91.24444846397293,0.0,0.0,Low,고위험 SKU는 안전재고 20% 상향 및 긴급 reorder 실행
WH-03,구로구,생활용품,475,561.6692870851791,121.81006355044053,35.14077646526141,0.058881005216647825,Low,고위험 SKU는 안전재고 20% 상향 및 긴급 reorder 실행
WH-04,금천구,식품,545,435.8040009464564,136.0309240558167,245.2269231093603,0.36008192058142385,Medium,고위험 SKU는 안전재고 20% 상향 및 긴급 reorder 실행
WH-01,노원구,디지털,524,430.1003732166483,137.81966048372541,231.71928726707716,0.35012451442997783,Medium,고위험 SKU는 안전재고 20% 상향 및 긴급 reorder 실행
WH-02,도봉구,패션,464,659.4473896079899,87.99673075823233,0.0,0.0,Low,고위험 SKU는 안전재고 20% 상향 및 긴급 reorder 실행
WH-03,동대문구,헬스케어,482,472.05245669247955,127.30170276648255,137.249246074003,0.22525662648050132,Medium,고위험 SKU는 안전재고 20% 상향 및 긴급 reorder 실행
WH-04,동작구,반려용품,494,570.0481190452712,73.18640343596982,0.0,0.0,Low,고위험 SKU는 안전재고 20% 상향 및 긴급 reorder 실행
WH-01,마포구,생활용품,478,455.9391631744289,82.29348967151446,104.35432649708548,0.18624940039597054,Low,고위험 SKU는 안전재고 20% 상향 및 긴급 reorder 실행
WH-02,서대문구,식품,505,517.1555415934604,68.31191321819793,56.15637162473752,0.0979508193184272,Low,고위험 SKU는 안전재고 20% 상향 및 긴급 reorder 실행
WH-03,서초구,디지털,515,533.0032618413675,99.6509075611429,81.64764571977548,0.1328358011277377,Low,고위험 SKU는 안전재고 20% 상향 및 긴급 reorder 실행
WH-04,성동구,패션,512,498.471778256365,91.34694629534138,104.87516803897637,0.17382232342921222,Low,고위험 SKU는 안전재고 20% 상향 및 긴급 reorder 실행
WH-01,성북구,헬스케어,472,872.934056606792,69.94351978951107,0.0,0.0,Low,고위험 SKU는 안전재고 20% 상향 및 긴급 reorder 실행
WH-02,송파구,반려용품,484,559.2137910931999,121.17237265353964,45.95858156033978,0.07594296044748725,Low,고위험 SKU는 안전재고 20% 상향 및 긴급 reorder 실행
WH-03,양천구,생활용품,507,589.3228787720325,82.52406269212096,0.2011839200885106,0.0003412649844516676,Low,고위험 SKU는 안전재고 20% 상향 및 긴급 reorder 실행
WH-04,영등포구,식품,454,970.0617813077303,70.17063317724188,0.0,0.0,Low,고위험 SKU는 안전재고 20% 상향 및 긴급 reorder 실행
WH-01,용산구,디지털,518,548.6941512723264,65.36023827611129,34.666087003784924,0.05942483688334112,Low,고위험 SKU는 안전재고 20% 상향 및 긴급 reorder 실행
WH-02,은평구,패션,515,501.87878939724317,96.69863528560072,109.81984588835758,0.17953259914840733,Low,고위험 SKU는 안전재고 20% 상향 및 긴급 reorder 실행
WH-03,종로구,헬스케어,548,430.21533673855373,88.0049233205683,205.78958658201458,0.3235660276143642,Medium,고위험 SKU는 안전재고 20% 상향 및 긴급 reorder 실행
WH-04,중구,반려용품,517,490.3105051483334,89.88281179465616,116.57230664632277,0.19208371761526505,Low,고위험 SKU는 안전재고 20% 상향 및 긴급 reorder 실행
WH-01,중랑구,생활용품,498,588.6388402146426,73.30532735700704,0.0,0.0,Low,고위험 SKU는 안전재고 20% 상향 및 긴급 reorder 실행
WH-02,강남구,식품,568,381.5886469738114,143.49446364354068,329.9058166697293,0.46368008962472035,Medium,고위험 SKU는 안전재고 20% 상향 및 긴급 reorder 실행
WH-03,강동구,디지털,513,581.3355059811317,146.71834343859402,78.3828374574623,0.11881257848450003,Low,고위험 SKU는 안전재고 20% 상향 및 긴급 reorder 실행
WH-04,강북구,패션,571,373.7938886761133,113.96381758849095,311.1699289123777,0.4542866658386338,Medium,고위험 SKU는 안전재고 20% 상향 및 긴급 reorder 실행
WH-01,강서구,헬스케어,503,526.7327344507414,114.98564138808776,91.25290693734632,0.14766185624050862,Low,고위험 SKU는 안전재고 20% 상향 및 긴급 reorder 실행
WH-02,관악구,반려용품,535,368.57702768578196,146.28743359691754,312.7104059111355,0.45899922777109387,Medium,고위험 SKU는 안전재고 20% 상향 및 긴급 reorder 실행
WH-03,광진구,생활용품,479,508.2048235510277,143.5878792565645,114.38305570553683,0.18372194434964306,Low,고위험 SKU는 안전재고 20% 상향 및 긴급 reorder 실행
WH-04,구로구,식품,501,516.2148316300629,111.57435176992917,96.35952013986628,0.1573025704740198,Low,고위험 SKU는 안전재고 20% 상향 및 긴급 reorder 실행
WH-01,금천구,디지털,498,467.8841720340749,138.42203486737094,168.53786283329606,0.2648209106531313,Medium,고위험 SKU는 안전재고 20% 상향 및 긴급 reorder 실행
WH-02,노원구,패션,532,308.39191828809913,149.87591743352033,373.48399914542114,0.5477301508919092,High,고위험 SKU는 안전재고 20% 상향 및 긴급 reorder 실행
WH-03,도봉구,헬스케어,506,599.9515068653747,130.69489056613136,36.74338370075668,0.05770956268878723,Low,고위험 SKU는 안전재고 20% 상향 및 긴급 reorder 실행
WH-04,동대문구,반려용품,469,949.9932065142186,90.13536448265774,0.0,0.0,Low,고위험 SKU는 안전재고 20% 상향 및 긴급 reorder 실행
WH-01,동작구,생활용품,512,607.212368625437,59.510169643407295,0.0,0.0,Low,고위험 SKU는 안전재고 20% 상향 및 긴급 reorder 실행
WH-02,마포구,식품,497,471.6893124665774,51.27107221074931,76.58175974417185,0.13967864369604144,Low,고위험 SKU는 안전재고 20% 상향 및 긴급 reorder 실행
WH-03,서대문구,디지털,502,535.295132737214,98.11094358160562,64.81581084439165,0.10800638038285952,Low,고위험 SKU는 안전재고 20% 상향 및 긴급 reorder 실행
WH-04,서초구,패션,577,399.73387703096245,114.74389716989488,292.0100201389325,0.4221360265462721,Medium,고위험 SKU는 안전재고 20% 상향 및 긴급 reorder 실행
WH-01,성동구,헬스케어,526,314.48879728525424,95.45452320318469,306.9657259179304,0.4939472068458466,Medium,고위험 SKU는 안전재고 20% 상향 및 긴급 reorder 실행
WH-02,성북구,반려용품,522,474.5065470340006,111.51667147481845,159.01012444081778,0.2509959589076706,Medium,고위험 SKU는 안전재고 20% 상향 및 긴급 reorder 실행
WH-03,송파구,생활용품,503,470.6500545906979,105.84756795242535,138.1975133617275,0.22698212267890028,Medium,고위험 SKU는 안전재고 20% 상향 및 긴급 reorder 실행
WH-04,양천구,식품,528,419.92281067029774,141.14633713305238,249.22352646275465,0.3724499599453076,Medium,고위험 SKU는 안전재고 20% 상향 및 긴급 reorder 실행
WH-01,영등포구,디지털,532,403.42863088496983,64.76111578710473,193.33248490213487,0.32396964176718657,Medium,고위험 SKU는 안전재고 20% 상향 및 긴급 reorder 실행
WH-02,용산구,패션,503,544.4666980779119,72.95287321021787,31.486175132305902,0.054667971281764434,Low,고위험 SKU는 안전재고 20% 상향 및 긴급 reorder 실행
WH-03,은평구,헬스케어,500,519.7521197983909,129.30049789596305,109.54837809757214,0.17407959863982636,Low,고위험 SKU는 안전재고 20% 상향 및 긴급 reorder 실행
WH-04,종로구,반려용품,544,393.8129199032186,146.6446511539336,296.83173125071505,0.42978937251561516,Medium,고위험 SKU는 안전재고 20% 상향 및 긴급 reorder 실행
WH-01,중구,생활용품,547,326.57454555378564,163.53376897012294,383.95922341633735,0.5403813867606373,High,고위험 SKU는 안전재고 20% 상향 및 긴급 reorder 실행
WH-02,중랑구,식품,509,486.69138684276265,139.76244326820515,162.07105642544252,0.2498157193085862,Medium,고위험 SKU는 안전재고 20% 상향 및 긴급 reorder 실행
WH-03,강남구,디지털,555,318.2971254236787,154.27878978502875,390.98166436135,0.5512383423728918,High,고위험 SKU는 안전재고 20% 상향 및 긴급 reorder 실행
WH-04,강동구,패션,519,594.5105351571915,84.52931644498412,9.018781287792649,0.014943402154706718,Low,고위험 SKU는 안전재고 20% 상향 및 긴급 reorder 실행
WH-01,강북구,헬스케어,523,290.884270362034,94.31380691738077,326.42953655534683,0.5287902731115085,High,고위험 SKU는 안전재고 20% 상향 및 긴급 reorder 실행
WH-02,강서구,반려용품,518,539.0451947559682,79.57361685940909,58.5284221034409,0.09794345073505958,Low,고위험 SKU는 안전재고 20% 상향 및 긴급 reorder 실행
WH-03,관악구,생활용품,512,484.2819259586052,113.28505837493407,141.00313241632892,0.22550216181845892,Medium,고위험 SKU는 안전재고 20% 상향 및 긴급 reorder 실행
WH-04,광진구,식품,521,612.8000736481587,149.92351790837338,58.12344426021468,0.08663199710365867,Low,고위험 SKU는 안전재고 20% 상향 및 긴급 reorder 실행
WH-01,구로구,디지털,505,506.22014070833177,85.30872953767339,84.08858882934157,0.14244849283390965,Low,고위험 SKU는 안전재고 20% 상향 및 긴급 reorder 실행
WH-02,금천구,패션,505,462.0911634890855,106.75717997002647,149.66601648094104,0.2446493827637201,Medium,고위험 SKU는 안전재고 20% 상향 및 긴급 reorder 실행
WH-03,노원구,헬스케어,544,442.37377834786395,86.63739979333917,188.26362144547528,0.2985291096074694,Medium,고위험 SKU는 안전재고 20% 상향 및 긴급 reorder 실행
WH-04,도봉구,반려용품,518,589.6586225390604,69.3912772828525,0.0,0.0,Low,고위험 SKU는 안전재고 20% 상향 및 긴급 reorder 실행
WH-01,동대문구,생활용품,479,520.5832466548055,66.59877375662722,25.015527101821704,0.045849676181604224,Low,고위험 SKU는 안전재고 20% 상향 및 긴급 reorder 실행
WH-02,동작구,식품,535,462.21265057024334,59.700151865579905,132.48750129533653,0.22278033876352984,Medium,고위험 SKU는 안전재고 20% 상향 및 긴급 reorder 실행
WH-03,마포구,디지털,507,577.0119418854675,146.9583632331387,76.94642134767116,0.11766256947499189,Low,고위험 SKU는 안전재고 20% 상향 및 긴급 reorder 실행
WH-04,서대문구,패션,491,473.12091421216394,88.66277755544922,106.54186334328529,0.18379973230745134,Low,고위험 SKU는 안전재고 20% 상향 및 긴급 reorder 실행
WH-01,서초구,헬스케어,474,763.688761738339,126.47466056179984,0.0,0.0,Low,고위험 SKU는 안전재고 20% 상향 및 긴급 reorder 실행
WH-02,성동구,반려용품,465,762.9410815937474,109.86364096014127,0.0,0.0,Low,고위험 SKU는 안전재고 20% 상향 및 긴급 reorder 실행
WH-03,성북구,생활용품,503,549.1271596739624,69.60726883795519,23.48010916399278,0.04100560793027153,Low,고위험 SKU는 안전재고 20% 상향 및 긴급 reorder 실행
WH-04,송파구,식품,532,402.59668067329324,71.86918303601495,201.27250236272175,0.3333048084202664,Medium,고위험 SKU는 안전재고 20% 상향 및 긴급 reorder 실행
WH-01,양천구,디지털,523,407.2620472091881,137.233965878003,252.9719186688149,0.38315495982155917,Medium,고위험 SKU는 안전재고 20% 상향 및 긴급 reorder 실행
WH-02,영등포구,패션,533,348.99995303209073,81.51826835204268,265.51831531995197,0.43207554436419604,Medium,고위험 SKU는 안전재고 20% 상향 및 긴급 reorder 실행
WH-03,용산구,헬스케어,516,474.007368892416,145.85103095804388,187.84366206562788,0.2838156220648626,Medium,고위험 SKU는 안전재고 20% 상향 및 긴급 reorder 실행
WH-04,은평구,반려용품,543,359.93967057940483,69.51001694927868,252.57034636987385,0.41235300547058473,Medium,고위험 SKU는 안전재고 20% 상향 및 긴급 reorder 실행
WH-01,종로구,생활용품,498,467.477090542997,117.29977799966515,147.82268745666812,0.24024498747137296,Medium,고위험 SKU는 안전재고 20% 상향 및 긴급 reorder 실행
WH-02,중구,식품,470,719.8896592720921,123.56054434690778,0.0,0.0,Low,고위험 SKU는 안전재고 20% 상향 및 긴급 reorder 실행
WH-03,중랑구,디지털,494,538.3043128910771,72.64333117546573,28.339018284388658,0.05001209177844052,Low,고위험 SKU는 안전재고 20% 상향 및 긴급 reorder 실행
WH-04,강남구,패션,523,390.4306336475531,81.19129021755681,213.76065657000368,0.353796322507451,Medium,고위험 SKU는 안전재고 20% 상향 및 긴급 reorder 실행
WH-01,강동구,헬스케어,522,614.1620936942721,152.89577171293266,60.7336780186605,0.08998971480368617,Low,고위험 SKU는 안전재고 20% 상향 및 긴급 reorder 실행
WH-02,강북구,반려용품,512,509.8224375717996,78.2947947874466,80.47235721564698,0.13632571035057742,Low,고위험 SKU는 안전재고 20% 상향 및 긴급 reorder 실행
WH-03,강서구,생활용품,515,575.6948298353127,95.78557613970493,35.09074630439227,0.05745182544449275,Low,고위험 SKU는 안전재고 20% 상향 및 긴급 reorder 실행
WH-04,관악구,식품,522,542.0081707622585,97.35462793450301,77.34645717224453,0.12488234314190665,Low,고위험 SKU는 안전재고 20% 상향 및 긴급 reorder 실행
WH-01,광진구,디지털,471,778.6742788549096,70.9358734433762,0.0,0.0,Low,고위험 SKU는 안전재고 20% 상향 및 긴급 reorder 실행
WH-02,구로구,패션,556,437.07666902011806,141.86796881180445,260.79129979168636,0.3736971912261738,Medium,고위험 SKU는 안전재고 20% 상향 및 긴급 reorder 실행
WH-03,금천구,헬스케어,483,503.2063976527788,122.86064655593637,102.65424890315757,0.16943541305530227,Low,고위험 SKU는 안전재고 20% 상향 및 긴급 reorder 실행
WH-04,노원구,반려용품,555,480.5711085208358,97.49329957884021,171.92219105800433,0.2634849908328156,Medium,고위험 SKU는 안전재고 20% 상향 및 긴급 reorder 실행
WH-01,도봉구,생활용품,520,521.4633282697731,138.85308227239628,137.38975400262314,0.20852866549362323,Medium,고위험 SKU는 안전재고 20% 상향 및 긴급 reorder 실행
WH-02,동대문구,식품,509,485.16386104076395,72.59102832181844,96.42716728105444,0.16579892499252463,Low,고위험 SKU는 안전재고 20% 상향 및 긴급 reorder 실행
WH-03,동작구,디지털,471,850.8149710633564,47.50560406789533,0.0,0.0,Low,고위험 SKU는 안전재고 20% 상향 및 긴급 reorder 실행
WH-04,마포구,패션,530,310.40136618184806,113.54374037790855,333.1423741960605,0.5176685799172394,High,고위험 SKU는 안전재고 20% 상향 및 긴급 reorder 실행
WH-01,서대문구,헬스케어,627,488.13376067446944,187.35735266552825,326.22359199105875,0.40059022113974196,Medium,고위험 SKU는 안전재고 20% 상향 및 긴급 reorder 실행
WH-02,서초구,반려용품,561,496.1328602246767,60.43589156257646,125.30303133789977,0.2016346867620249,Medium,고위험 SKU는 안전재고 20% 상향 및 긴급 reorder 실행
WH-03,성동구,생활용품,519,606.0603332843167,73.4902000509382,0.0,0.0,Low,고위험 SKU는 안전재고 20% 상향 및 긴급 reorder 실행
WH-04,성북구,식품,488,548.9441658103078,99.44606910673942,38.50190329643158,0.06554117104737278,Low,고위험 SKU는 안전재고 20% 상향 및 긴급 reorder 실행
WH-01,송파구,디지털,549,308.83718468500007,143.8314928616468,383.9943081766467,0.5542391073919145,High,고위험 SKU는 안전재고 20% 상향 및 긴급 reorder 실행
WH-02,양천구,패션,458,919.6570114898618,53.95624766487488,0.0,0.0,Low,고위험 SKU는 안전재고 20% 상향 및 긴급 reorder 실행
WH-03,영등포구,헬스케어,572,335.2211373628578,102.4148443900175,339.1937070271597,0.5029451973791406,High,고위험 SKU는 안전재고 20% 상향 및 긴급 reorder 실행
WH-04,용산구,반려용품,522,517.1684120261996,130.19471358576013,135.02630155956058,0.20703372589021352,Medium,고위험 SKU는 안전재고 20% 상향 및 긴급 reorder 실행
WH-01,은평구,생활용품,448,732.8180289034069,78.09027147321,0.0,0.0,Low,고위험 SKU는 안전재고 20% 상향 및 긴급 reorder 실행
WH-02,종로구,식품,534,305.94763809934574,73.56772970679823,301.6200916074525,0.49643863039435815,Medium,고위험 SKU는 안전재고 20% 상향 및 긴급 reorder 실행
WH-03,중구,디지털,534,378.7615247467584,74.27895436595553,229.51742961919712,0.37732265430494216,Medium,고위험 SKU는 안전재고 20% 상향 및 긴급 reorder 실행
WH-04,중랑구,패션,559,408.42257831595407,101.74345437709636,252.32087606114226,0.3818741969967952,Medium,고위험 SKU는 안전재고 20% 상향 및 긴급 reorder 실행
WH-01,강남구,헬스케어,494,527.8615654353365,96.76640699082205,62.90484155548552,0.10648005846490657,Low,고위험 SKU는 안전재고 20% 상향 및 긴급 reorder 실행
WH-02,강동구,반려용품,568,322.53094393588736,154.7021178638992,400.1711739280118,0.5537152362453335,High,고위험 SKU는 안전재고 20% 상향 및 긴급 reorder 실행
WH-03,강북구,생활용품,533,313.96904869689325,121.7641078193481,340.7950591224548,0.5204852481261564,High,고위험 SKU는 안전재고 20% 상향 및 긴급 reorder 실행
WH-04,강서구,식품,543,371.72505703698585,129.27765226038346,300.5525952233976,0.44706617007549876,Medium,고위험 SKU는 안전재고 20% 상향 및 긴급 reorder 실행
WH-01,관악구,디지털,462,1001.2565275019716,137.0280146499178,0.0,0.0,Low,고위험 SKU는 안전재고 20% 상향 및 긴급 reorder 실행
WH-02,광진구,패션,513,561.2843497342577,93.5551369748799,45.27078724062221,0.07463589784500839,Low,고위험 SKU는 안전재고 20% 상향 및 긴급 reorder 실행
WH-03,구로구,헬스케어,490,491.3272776951079,88.52873151841457,87.20145382330668,0.15072968561896058,Low,고위험 SKU는 안전재고 20% 상향 및 긴급 reorder 실행
WH-04,금천구,반려용품,489,499.97658322948956,139.20333344358443,128.2267502140948,0.20411663451577367,Medium,고위험 SKU는 안전재고 20% 상향 및 긴급 reorder 실행
WH-01,노원구,생활용품,553,380.4330441728208,82.49383992275948,255.06079574993862,0.4013584077871467,Medium,고위험 SKU는 안전재고 20% 상향 및 긴급 reorder 실행
WH-02,도봉구,식품,513,481.0617001182607,126.17904427067411,158.1173441524134,0.24737566972776914,Medium,고위험 SKU는 안전재고 20% 상향 및 긴급 reorder 실행
WH-03,동대문구,디지털,546,300.6173612366544,136.9993866934203,382.3820254567659,0.5598570553744973,High,고위험 SKU는 안전재고 20% 상향 및 긴급 reorder 실행
WH-04,동작구,패션,558,328.7873434560456,66.71314051491144,295.9257970588658,0.4736986912344327,Medium,고위험 SKU는 안전재고 20% 상향 및 긴급 reorder 실행
WH-01,마포구,헬스케어,543,462.61840533895383,105.14993065832321,185.5315253193694,0.2862478518371911,Medium,고위험 SKU는 안전재고 20% 상향 및 긴급 reorder 실행
WH-02,서대문구,반려용품,530,291.728733095959,74.25962196008473,312.5308888641257,0.5172129288572097,High,고위험 SKU는 안전재고 20% 상향 및 긴급 reorder 실행
WH-03,서초구,생활용품,447,976.2166504086689,61.27254938854222,0.0,0.0,Low,고위험 SKU는 안전재고 20% 상향 및 긴급 reorder 실행
WH-04,성동구,식품,576,415.4836045118532,111.03299832532335,271.54939381347015,0.39524941956992626,Medium,고위험 SKU는 안전재고 20% 상향 및 긴급 reorder 실행
WH-01,성북구,디지털,488,468.1593616387464,77.04833945278715,96.88897781404069,0.17147024608172712,Low,고위험 SKU는 안전재고 20% 상향 및 긴급 reorder 실행
WH-02,송파구,패션,511,579.1906130759971,132.457377747364,64.2667646713669,0.0998772675454496,Low,고위험 SKU는 안전재고 20% 상향 및 긴급 reorder 실행
WH-03,양천구,헬스케어,502,581.4109384502572,141.32353109560444,61.91259264534733,0.09623865699410657,Low,고위험 SKU는 안전재고 20% 상향 및 긴급 reorder 실행
WH-04,영등포구,반려용품,550,464.4317134463791,143.29926658172022,228.8675531353411,0.3301136524545337,Medium,고위험 SKU는 안전재고 20% 상향 및 긴급 reorder 실행
WH-01,용산구,생활용품,550,352.61709460743566,84.26339598838318,281.64630138094753,0.4440525862950887,Medium,고위험 SKU는 안전재고 20% 상향 및 긴급 reorder 실행
WH-02,은평구,식품,521,489.1194061805283,80.66480382235298,112.54539764182465,0.18705664171616512,Low,고위험 SKU는 안전재고 20% 상향 및 긴급 reorder 실행
WH-03,종로구,디지털,503,494.2205161132985,75.92567202181722,84.70515590851875,0.1463143888794874,Low,고위험 SKU는 안전재고 20% 상향 및 긴급 reorder 실행
WH-04,중구,패션,471,741.0793865439754,59.820588648497434,0.0,0.0,Low,고위험 SKU는 안전재고 20% 상향 및 긴급 reorder 실행
WH-01,중랑구,헬스케어,516,508.28901466956063,148.999991588303,156.7109769187424,0.23565560736993377,Medium,고위험 SKU는 안전재고 20% 상향 및 긴급 reorder 실행
WH-02,강남구,반려용품,479,528.0596418540912,86.41617906344725,37.35653720935602,0.06606909846696149,Low,고위험 SKU는 안전재고 20% 상향 및 긴급 reorder 실행
WH-03,강동구,생활용품,539,358.8432977386506,78.12152535604518,258.2782276173945,0.418520853681748,Medium,고위험 SKU는 안전재고 20% 상향 및 긴급 reorder 실행
WH-04,강북구,식품,515,494.78971202428676,138.70711820234908,158.91740617806232,0.24310184446985153,Medium,고위험 SKU는 안전재고 20% 상향 및 긴급 reorder 실행
WH-01,강서구,디지털,490,520.6856181377557,88.12113966046347,57.435521522707745,0.0993485925050937,Low,고위험 SKU는 안전재고 20% 상향 및 긴급 reorder 실행
WH-02,관악구,패션,534,379.8178392192749,57.15047542651239,211.33263620723744,0.35749381078440634,Medium,고위험 SKU는 안전재고 20% 상향 및 긴급 reorder 실행
WH-03,광진구,헬스케어,512,607.1688911593828,67.78281679356223,0.0,0.0,Low,고위험 SKU는 안전재고 20% 상향 및 긴급 reorder 실행
WH-04,구로구,반려용품,535,322.42251366413706,121.8997864181102,334.4772727539732,0.5091754932328166,High,고위험 SKU는 안전재고 20% 상향 및 긴급 reorder 실행
WH-01,금천구,생활용품,554,313.88582247906294,142.14590437822702,382.26008189916405,0.5491091443547101,High,고위험 SKU는 안전재고 20% 상향 및 긴급 reorder 실행
WH-02,노원구,식품,533,318.932212079168,75.78560581289679,289.85339373372886,0.47611735718799486,Medium,고위험 SKU는 안전재고 20% 상향 및 긴급 reorder 실행
WH-03,도봉구,디지털,513,511.0235897822467,145.4247874587062,147.4011976764595,0.22386945401216982,Medium,고위험 SKU는 안전재고 20% 상향 및 긴급 reorder 실행
WH-04,동대문구,패션,511,609.5404822930387,138.0719056693312,39.53142337629242,0.06090453620162025,Low,고위험 SKU는 안전재고 20% 상향 및 긴급 reorder 실행
WH-01,동작구,헬스케어,472,704.6458559327983,127.28714318336604,0.0,0.0,Low,고위험 SKU는 안전재고 20% 상향 및 긴급 reorder 실행
WH-02,마포구,반려용품,536,300.6687870203486,78.00527493687576,313.33648791652723,0.5103156287195423,High,고위험 SKU는 안전재고 20% 상향 및 긴급 reorder 실행
WH-03,서대문구,생활용품,520,471.6235028460943,57.255742819606,105.63223997351167,0.18299036655322118,Low,고위험 SKU는 안전재고 20% 상향 및 긴급 reorder 실행
WH-04,서초구,식품,517,527.3495302955006,141.39159398249913,131.04206368699852,0.19903362206426012,Low,고위험 SKU는 안전재고 20% 상향 및 긴급 reorder 실행
WH-01,성동구,디지털,517,601.0291908263215,83.31974365156786,0.0,0.0,Low,고위험 SKU는 안전재고 20% 상향 및 긴급 reorder 실행
WH-02,성북구,패션,515,557.7801401649365,115.24838726087316,72.4682470959367,0.11498362956689417,Low,고위험 SKU는 안전재고 20% 상향 및 긴급 reorder 실행
WH-03,송파구,헬스케어,452,752.3515842164985,113.901006286546,0.0,0.0,Low,고위험 SKU는 안전재고 20% 상향 및 긴급 reorder 실행
WH-04,양천구,반려용품,538,455.8486732208054,67.60435461579654,149.75568139499114,0.24728303264925852,Medium,고위험 SKU는 안전재고 20% 상향 및 긴급 reorder 실행
WH-01,영등포구,생활용품,453,986.169861091477,116.04395491942572,0.0,0.0,Low,고위험 SKU는 안전재고 20% 상향 및 긴급 reorder 실행
WH-02,용산구,식품,516,514.2789863077909,148.454382564782,150.17539625699112,0.2260131021746245,Medium,고위험 SKU는 안전재고 20% 상향 및 긴급 reorder 실행
WH-03,은평구,디지털,533,408.646665572952,130.9447713485672,255.29810577561523,0.38451708152933883,Medium,고위험 SKU는 안전재고 20% 상향 및 긴급 reorder 실행
WH-04,종로구,패션,511,534.9900584589745,96.19296489471303,72.20290643573844,0.11891262022157717,Low,고위험 SKU는 안전재고 20% 상향 및 긴급 reorder 실행
WH-01,중구,헬스케어,495,539.382071267057,136.2911357364186,91.90906446936162,0.145589030585939,Low,고위험 SKU는 안전재고 20% 상향 및 긴급 reorder 실행
WH-02,중랑구,반려용품,499,499.11645666372567,102.54027148124138,102.42381481751568,0.1702692565625005,Low,고위험 SKU는 안전재고 20% 상향 및 긴급 reorder 실행
WH-03,강남구,생활용품,407,687.0032698027768,101.3243535242838,0.0,0.0,Low,고위험 SKU는 안전재고 20% 상향 및 긴급 reorder 실행
WH-04,강동구,식품,481,564.5985458273739,127.03267179919773,43.434125971823846,0.07143386858357495,Low,고위험 SKU는 안전재고 20% 상향 및 긴급 reorder 실행
WH-01,강북구,디지털,569,403.45519724397775,142.17635566134686,307.7211584173691,0.4326931793608476,Medium,고위험 SKU는 안전재고 20% 상향 및 긴급 reorder 실행
WH-02,강서구,패션,571,434.64437719851435,89.97302684469918,226.32864964618489,0.3424173762832875,Medium,고위험 SKU는 안전재고 20% 상향 및 긴급 reorder 실행
WH-03,관악구,헬스케어,520,620.5998911992715,64.25576569420643,0.0,0.0,Low,고위험 SKU는 안전재고 20% 상향 및 긴급 reorder 실행
WH-04,광진구,반려용품,560,378.86107141328307,82.69391528855073,263.8328438752676,0.4105108786611344,Medium,고위험 SKU는 안전재고 20% 상향 및 긴급 reorder 실행
WH-01,구로구,생활용품,527,439.83724133651987,105.70301835772923,192.86577702120934,0.304828286613552,Medium,고위험 SKU는 안전재고 20% 상향 및 긴급 reorder 실행
WH-02,금천구,식품,549,363.13039049073853,110.37940606778191,296.2490155770434,0.4492846043581016,Medium,고위험 SKU는 안전재고 20% 상향 및 긴급 reorder 실행
WH-03,노원구,디지털,490,511.64932174851907,106.09914623282468,84.44982448430557,0.14167076906250275,Low,고위험 SKU는 안전재고 20% 상향 및 긴급 reorder 실행
WH-04,도봉구,패션,573,435.627187427903,102.5786705829883,239.95148315508527,0.3551791872706993,Medium,고위험 SKU는 안전재고 20% 상향 및 긴급 reorder 실행
WH-01,동대문구,헬스케어,461,987.5941649243974,118.65138536969255,0.0,0.0,Low,고위험 SKU는 안전재고 20% 상향 및 긴급 reorder 실행
WH-02,동작구,반려용품,567,394.013478312474,160.25163528937335,333.23815697689935,0.45821575477696097,Medium,고위험 SKU는 안전재고 20% 상향 및 긴급 reorder 실행
WH-03,마포구,생활용품,491,484.5168560478739,73.32840025168409,79.81154420381023,0.14142748117623563,Low,고위험 SKU는 안전재고 20% 상향 및 긴급 reorder 실행
WH-04,서대문구,식품,553,319.26787948070444,136.7594678778288,370.49158839712436,0.5371315736150887,High,고위험 SKU는 안전재고 20% 상향 및 긴급 reorder 실행
WH-01,서초구,디지털,507,545.4247250000099,119.44634584806752,81.02162084805764,0.12933529165753627,Low,고위험 SKU는 안전재고 20% 상향 및 긴급 reorder 실행
WH-02,성동구,패션,516,527.8652736972367,105.5829395256253,93.71766582838859,0.15077258378409047,Low,고위험 SKU는 안전재고 20% 상향 및 긴급 reorder 실행
WH-03,성북구,헬스케어,491,474.1375784754493,67.61366896644255,84.47609049099327,0.1512245317005803,Low,고위험 SKU는 안전재고 20% 상향 및 긴급 reorder 실행
WH-04,송파구,반려용품,484,554.0913336325111,125.37848263080627,55.28714899829515,0.09072711061212681,Low,고위험 SKU는 안전재고 20% 상향 및 긴급 reorder 실행
WH-01,양천구,생활용품,490,567.5037781362732,143.1413759916256,65.6375978553524,0.10366973371871462,Low,고위험 SKU는 안전재고 20% 상향 및 긴급 reorder 실행
WH-02,영등포구,식품,525,418.86176455685927,128.2928148845294,234.43105032767016,0.35884529109524377,Medium,고위험 SKU는 안전재고 20% 상향 및 긴급 reorder 실행
WH-03,용산구,디지털,529,427.69815855258446,150.00958764300265,251.3114290904182,0.37011469891430776,Medium,고위험 SKU는 안전재고 20% 상향 및 긴급 reorder 실행
WH-04,은평구,패션,529,349.67090963471554,157.02680103149837,336.35589139678285,0.490295555350088,Medium,고위험 SKU는 안전재고 20% 상향 및 긴급 reorder 실행
WH-01,종로구,헬스케어,512,583.2976643605635,87.249989042098,15.952324681534492,0.026620483893598907,Low,고위험 SKU는 안전재고 20% 상향 및 긴급 reorder 실행
WH-02,중구,반려용품,511,588.545353693722,116.32644710907164,38.78109341534969,0.06181963727827167,Low,고위험 SKU는 안전재고 20% 상향 및 긴급 reorder 실행
WH-03,중랑구,생활용품,516,485.81334005396445,100.50985852424965,130.69651847028524,0.21199420684550893,Medium,고위험 SKU는 안전재고 20% 상향 및 긴급 reorder 실행
WH-04,강남구,식품,487,551.4304751628438,144.7976399444786,80.36716478163476,0.1272039648465564,Low,고위험 SKU는 안전재고 20% 상향 및 긴급 reorder 실행
WH-01,강동구,디지털,511,477.63744884853554,60.687159613589486,94.04971076505399,0.1645125470871575,Low,고위험 SKU는 안전재고 20% 상향 및 긴급 reorder 실행
WH-02,강북구,패션,501,509.52640730052633,91.4199664125819,82.89355911205553,0.13992364169293642,Low,고위험 SKU는 안전재고 20% 상향 및 긴급 reorder 실행
WH-03,강서구,헬스케어,503,603.3901758152981,138.37922787943995,37.98905206414179,0.059230250081130774,Low,고위험 SKU는 안전재고 20% 상향 및 긴급 reorder 실행
WH-04,관악구,반려용품,534,479.06264955107605,83.73667996423184,138.67403041315578,0.2244872854582397,Medium,고위험 SKU는 안전재고 20% 상향 및 긴급 reorder 실행
WH-01,광진구,생활용품,553,304.9256718961379,142.4298892806593,390.5042173845214,0.5615292402638205,High,고위험 SKU는 안전재고 20% 상향 및 긴급 reorder 실행
WH-02,구로구,식품,530,294.57555325199684,93.57501525470711,328.99946200271023,0.5276020590214415,High,고위험 SKU는 안전재고 20% 상향 및 긴급 reorder 실행
WH-03,금천구,디지털,473,973.4052368535325,140.00596987360896,0.0,0.0,Low,고위험 SKU는 안전재고 20% 상향 및 긴급 reorder 실행
WH-04,노원구,패션,513,605.2734304133996,141.9501612170724,49.67673080367274,0.07584810836806286,Low,고위험 SKU는 안전재고 20% 상향 및 긴급 reorder 실행
WH-01,도봉구,헬스케어,538,319.79714839013604,86.22207048449741,304.42492209436136,0.4876868929963952,Medium,고위험 SKU는 안전재고 20% 상향 및 긴급 reorder 실행
WH-02,동대문구,반려용품,492,453.07895796088985,124.98700237212496,163.9080444112351,0.26565882876147984,Medium,고위험 SKU는 안전재고 20% 상향 및 긴급 reorder 실행
WH-03,동작구,생활용품,520,489.52761270627326,87.03308055865995,117.50546785238674,0.193573417356835,Low,고위험 SKU는 안전재고 20% 상향 및 긴급 reorder 실행
WH-04,마포구,식품,519,590.2179025356062,114.84046281437254,43.6225602787664,0.06882261836846754,Low,고위험 SKU는 안전재고 20% 상향 및 긴급 reorder 실행
WH-01,서대문구,디지털,509,499.42552965176037,117.93334222243712,127.50781257067672,0.20338336467904225,Medium,고위험 SKU는 안전재고 20% 상향 및 긴급 reorder 실행
WH-02,서초구,패션,557,359.60784298309585,148.11692857214751,345.5090855890517,0.4900025394209483,Medium,고위험 SKU는 안전재고 20% 상향 및 긴급 reorder 실행
WH-03,성동구,헬스케어,462,893.6717747213547,48.459257697498174,0.0,0.0,Low,고위험 SKU는 안전재고 20% 상향 및 긴급 reorder 실행
WH-04,성북구,반려용품,536,406.34088342792614,77.20092593152651,206.86004250360037,0.3373446349405864,Medium,고위험 SKU는 안전재고 20% 상향 및 긴급 reorder 실행
WH-01,송파구,생활용품,515,592.1257745207591,124.8275344906236,47.7017599698645,0.07455409059230404,Low,고위험 SKU는 안전재고 20% 상향 및 긴급 reorder 실행
WH-02,양천구,식품,504,480.26508465722105,107.20314228652936,130.93805762930828,0.21423001383707727,Medium,고위험 SKU는 안전재고 20% 상향 및 긴급 reorder 실행
WH-03,영등포구,디지털,536,451.67959517567203,106.72886438316253,191.0492692074905,0.29724706605614115,Medium,고위험 SKU는 안전재고 20% 상향 및 긴급 reorder 실행
WH-04,용산구,패션,541,300.98869899018484,60.073717315803485,300.08501832561865,0.4992482780077278,Medium,고위험 SKU는 안전재고 20% 상향 및 긴급 reorder 실행
WH-01,은평구,헬스케어,536,406.55590413104244,90.9351747070681,220.37927057602565,0.35151843359083595,Medium,고위험 SKU는 안전재고 20% 상향 및 긴급 reorder 실행
WH-02,종로구,반려용품,522,577.2531125853326,142.51646421147166,87.26335162613907,0.13131856970569944,Low,고위험 SKU는 안전재고 20% 상향 및 긴급 reorder 실행
WH-03,중구,생활용품,483,529.274307882555,51.284248057680706,5.009940175125621,0.00937691910876765,Low,고위험 SKU는 안전재고 20% 상향 및 긴급 reorder 실행
WH-04,중랑구,식품,416,707.8096911093327,74.58349478235237,0.0,0.0,Low,고위험 SKU는 안전재고 20% 상향 및 긴급 reorder 실행
WH-01,강남구,디지털,418,893.5235045904864,120.8143968492766,0.0,0.0,Low,고위험 SKU는 안전재고 20% 상향 및 긴급 reorder 실행
WH-02,강동구,패션,458,847.7574997424273,50.460675284323344,0.0,0.0,Low,고위험 SKU는 안전재고 20% 상향 및 긴급 reorder 실행
WH-03,강북구,헬스케어,412,548.6432541939829,102.97575388607807,0.0,0.0,Low,고위험 SKU는 안전재고 20% 상향 및 긴급 reorder 실행
WH-04,강서구,반려용품,492,550.2296709277828,74.54908143231239,16.31941050452963,0.028804936834902213,Low,고위험 SKU는 안전재고 20% 상향 및 긴급 reorder 실행
WH-01,관악구,생활용품,444,659.4455892879978,121.3548642952461,0.0,0.0,Low,고위험 SKU는 안전재고 20% 상향 및 긴급 reorder 실행
WH-02,광진구,식품,408,888.6902681558835,101.67914708308417,0.0,0.0,Low,고위험 SKU는 안전재고 20% 상향 및 긴급 reorder 실행
WH-03,구로구,디지털,421,630.1670312888544,116.67637538627416,0.0,0.0,Low,고위험 SKU는 안전재고 20% 상향 및 긴급 reorder 실행
WH-04,금천구,패션,484,497.2776094832042,69.30151971374654,56.023910230542356,0.10125385207603735,Low,고위험 SKU는 안전재고 20% 상향 및 긴급 reorder 실행
WH-01,노원구,헬스케어,429,919.1579133062799,88.4849183634363,0.0,0.0,Low,고위험 SKU는 안전재고 20% 상향 및 긴급 reorder 실행
WH-02,도봉구,반려용품,392,854.3535951137854,100.29476357626437,0.0,0.0,Low,고위험 SKU는 안전재고 20% 상향 및 긴급 reorder 실행
WH-03,동대문구,생활용품,446,674.6750787629549,66.5164170751523,0.0,0.0,Low,고위험 SKU는 안전재고 20% 상향 및 긴급 reorder 실행
WH-04,동작구,식품,457,614.3020868743915,66.79021230142364,0.0,0.0,Low,고위험 SKU는 안전재고 20% 상향 및 긴급 reorder 실행
WH-01,마포구,디지털,433,622.7586341399646,45.653972760890866,0.0,0.0,Low,고위험 SKU는 안전재고 20% 상향 및 긴급 reorder 실행
WH-02,서대문구,패션,507,581.2092026415322,147.89345080911085,73.68424816757863,0.11251333797359382,Low,고위험 SKU는 안전재고 20% 상향 및 긴급 reorder 실행
WH-03,서초구,헬스케어,437,644.8423640216159,105.75547531677408,0.0,0.0,Low,고위험 SKU는 안전재고 20% 상향 및 긴급 reorder 실행
WH-04,성동구,반려용품,469,849.6932765764468,106.51556120615534,0.0,0.0,Low,고위험 SKU는 안전재고 20% 상향 및 긴급 reorder 실행
WH-01,성북구,생활용품,487,547.7027159093567,121.16508599049212,60.46237008113542,0.09941769344200839,Low,고위험 SKU는 안전재고 20% 상향 및 긴급 reorder 실행
WH-02,송파구,식품,450,802.5736478962077,92.84516268258953,0.0,0.0,Low,고위험 SKU는 안전재고 20% 상향 및 긴급 reorder 실행
WH-03,양천구,디지털,494,517.4043535552005,96.44202152373254,73.0376679685321,0.12369998290441186,Low,고위험 SKU는 안전재고 20% 상향 및 긴급 reorder 실행
WH-04,영등포구,패션,501,585.1225622363064,95.14313056057678,11.020568324270357,0.018486446893898258,Low,고위험 SKU는 안전재고 20% 상향 및 긴급 reorder 실행
WH-01,용산구,헬스케어,454,917.3184674073352,103.55188045901062,0.0,0.0,Low,고위험 SKU는 안전재고 20% 상향 및 긴급 reorder 실행
WH-02,은평구,반려용품,465,863.0446582095866,65.24275271149163,0.0,0.0,Low,고위험 SKU는 안전재고 20% 상향 및 긴급 reorder 실행
WH-03,종로구,생활용품,439,912.1204612140457,121.87155342230555,0.0,0.0,Low,고위험 SKU는 안전재고 20% 상향 및 긴급 reorder 실행
WH-04,중구,식품,433,932.6641588001543,113.59775534758838,0.0,0.0,Low,고위험 SKU는 안전재고 20% 상향 및 긴급 reorder 실행
WH-01,중랑구,디지털,486,515.2338739353435,82.57758303313769,53.3437090977942,0.09381957834712108,Low,고위험 SKU는 안전재고 20% 상향 및 긴급 reorder 실행
WH-02,강남구,패션,419,578.8573629737142,90.38745907288954,0.0,0.0,Low,고위험 SKU는 안전재고 20% 상향 및 긴급 reorder 실행
WH-03,강동구,헬스케어,407,611.8577772849173,52.1796222159312,0.0,0.0,Low,고위험 SKU는 안전재고 20% 상향 및 긴급 reorder 실행
WH-04,강북구,반려용품,492,442.87656663885815,144.87887079666604,194.00230415780783,0.304614131593237,Medium,고위험 SKU는 안전재고 20% 상향 및 긴급 reorder 실행
WH-01,강서구,생활용품,470,1011.0284147217521,131.87191263724662,0.0,0.0,Low,고위험 SKU는 안전재고 20% 상향 및 긴급 reorder 실행
WH-02,관악구,식품,476,539.0162902485304,135.36464261872388,72.34835237019354,0.11833911765046808,Low,고위험 SKU는 안전재고 20% 상향 및 긴급 reorder 실행
WH-03,광진구,디지털,494,449.76304351148354,82.21770911310102,126.45466560161748,0.21945640267851735,Medium,고위험 SKU는 안전재고 20% 상향 및 긴급 reorder 실행
WH-04,구로구,패션,442,789.6016281455264,59.151508132644445,0.0,0.0,Low,고위험 SKU는 안전재고 20% 상향 및 긴급 reorder 실행
WH-01,금천구,헬스케어,451,660.5020799179334,64.2018491446612,0.0,0.0,Low,고위험 SKU는 안전재고 20% 상향 및 긴급 reorder 실행
WH-02,노원구,반려용품,441,700.599371812625,52.038122690176934,0.0,0.0,Low,고위험 SKU는 안전재고 20% 상향 및 긴급 reorder 실행
WH-03,도봉구,생활용품,422,796.6822779316666,52.337337180556844,0.0,0.0,Low,고위험 SKU는 안전재고 20% 상향 및 긴급 reorder 실행
WH-04,동대문구,식품,420,800.3385831908898,47.98958087152702,0.0,0.0,Low,고위험 SKU는 안전재고 20% 상향 및 긴급 reorder 실행
WH-01,동작구,디지털,423,715.4130356102039,126.03903165473231,0.0,0.0,Low,고위험 SKU는 안전재고 20% 상향 및 긴급 reorder 실행
WH-02,마포구,패션,487,517.0393920511976,55.913218360147766,25.87382630895013,0.0476573887574541,Low,고위험 SKU는 안전재고 20% 상향 및 긴급 reorder 실행
WH-03,서대문구,헬스케어,444,865.6739490932655,56.16973678848553,0.0,0.0,Low,고위험 SKU는 안전재고 20% 상향 및 긴급 reorder 실행
WH-04,서초구,반려용품,414,601.1220953048976,109.89668051491297,0.0,0.0,Low,고위험 SKU는 안전재고 20% 상향 및 긴급 reorder 실행
WH-01,성동구,생활용품,414,887.2031271889462,89.4438899463157,0.0,0.0,Low,고위험 SKU는 안전재고 20% 상향 및 긴급 reorder 실행
WH-02,성북구,식품,432,634.6569115293821,110.10964647479032,0.0,0.0,Low,고위험 SKU는 안전재고 20% 상향 및 긴급 reorder 실행
WH-03,송파구,디지털,438,611.7025334285796,99.06789188088457,0.0,0.0,Low,고위험 SKU는 안전재고 20% 상향 및 긴급 reorder 실행
WH-04,양천구,패션,496,558.3465424677127,137.11176697663166,74.765224508919,0.11809166786767147,Low,고위험 SKU는 안전재고 20% 상향 및 긴급 reorder 실행
WH-01,영등포구,헬스케어,419,740.6221534471657,95.40357882668526,0.0,0.0,Low,고위험 SKU는 안전재고 20% 상향 및 긴급 reorder 실행
WH-02,용산구,반려용품,460,808.3918667181935,94.03550854708988,0.0,0.0,Low,고위험 SKU는 안전재고 20% 상향 및 긴급 reorder 실행
WH-03,은평구,생활용품,451,763.543333922635,109.39002237726923,0.0,0.0,Low,고위험 SKU는 안전재고 20% 상향 및 긴급 reorder 실행
WH-04,종로구,식품,494,499.12342322087335,93.60240387706041,88.47898065618705,0.1505762741479506,Low,고위험 SKU는 안전재고 20% 상향 및 긴급 reorder 실행
WH-01,중구,디지털,457,794.1072159914104,77.33023341349275,0.0,0.0,Low,고위험 SKU는 안전재고 20% 상향 및 긴급 reorder 실행
WH-02,중랑구,패션,413,714.5527440609952,79.92809257238756,0.0,0.0,Low,고위험 SKU는 안전재고 20% 상향 및 긴급 reorder 실행
WH-03,강남구,헬스케어,413,693.6704455110025,55.318385081141116,0.0,0.0,Low,고위험 SKU는 안전재고 20% 상향 및 긴급 reorder 실행
WH-04,강동구,반려용품,410,557.6587034848399,106.31888184382069,0.0,0.0,Low,고위험 SKU는 안전재고 20% 상향 및 긴급 reorder 실행
WH-01,강북구,생활용품,425,779.3059114147283,64.65982141355529,0.0,0.0,Low,고위험 SKU는 안전재고 20% 상향 및 긴급 reorder 실행
WH-02,강서구,식품,433,651.7390408353742,56.59583191278831,0.0,0.0,Low,고위험 SKU는 안전재고 20% 상향 및 긴급 reorder 실행
WH-03,관악구,디지털,418,783.2684983621687,62.395047413077755,0.0,0.0,Low,고위험 SKU는 안전재고 20% 상향 및 긴급 reorder 실행
WH-04,광진구,패션,437,588.0928005843361,117.29693126489374,0.0,0.0,Low,고위험 SKU는 안전재고 20% 상향 및 긴급 reorder 실행
WH-01,구로구,헬스케어,441,962.8125404873164,73.22375427171991,0.0,0.0,Low,고위험 SKU는 안전재고 20% 상향 및 긴급 reorder 실행
WH-02,금천구,반려용품,419,721.5618152956788,99.39097906459443,0.0,0.0,Low,고위험 SKU는 안전재고 20% 상향 및 긴급 reorder 실행
WH-03,노원구,생활용품,450,948.185925494233,122.07686675901654,0.0,0.0,Low,고위험 SKU는 안전재고 20% 상향 및 긴급 reorder 실행
WH-04,도봉구,식품,421,727.490128537959,48.64610095508855,0.0,0.0,Low,고위험 SKU는 안전재고 20% 상향 및 긴급 reorder 실행
WH-01,동대문구,디지털,454,614.8511724694271,114.8642159901663,0.0,0.0,Low,고위험 SKU는 안전재고 20% 상향 및 긴급 reorder 실행
WH-02,동작구,패션,417,850.6767438490058,67.35929989601111,0.0,0.0,Low,고위험 SKU는 안전재고 20% 상향 및 긴급 reorder 실행
WH-03,마포구,헬스케어,416,783.4799883873752,59.62298070011236,0.0,0.0,Low,고위험 SKU는 안전재고 20% 상향 및 긴급 reorder 실행
WH-04,서대문구,반려용품,421,843.5077453257678,100.10550229654025,0.0,0.0,Low,고위험 SKU는 안전재고 20% 상향 및 긴급 reorder 실행
WH-01,서초구,생활용품,473,797.1719108957275,133.36676051056392,0.0,0.0,Low,고위험 SKU는 안전재고 20% 상향 및 긴급 reorder 실행
WH-02,성동구,식품,429,804.0073769536297,68.21264810752352,0.0,0.0,Low,고위험 SKU는 안전재고 20% 상향 및 긴급 reorder 실행
WH-03,성북구,디지털,445,921.4197160205413,95.1262086792044,0.0,0.0,Low,고위험 SKU는 안전재고 20% 상향 및 긴급 reorder 실행
WH-04,송파구,패션,430,803.2223263914206,67.92573379105627,0.0,0.0,Low,고위험 SKU는 안전재고 20% 상향 및 긴급 reorder 실행
WH-01,양천구,헬스케어,481,474.61476083039105,101.42227334688238,107.80751251649127,0.18510197403161927,Low,고위험 SKU는 안전재고 20% 상향 및 긴급 reorder 실행
WH-02,영등포구,반려용품,502,562.4496046955553,112.6349478776958,52.185343182140514,0.08490461429558135,Low,고위험 SKU는 안전재고 20% 상향 및 긴급 reorder 실행
WH-03,용산구,생활용품,419,798.0562145263649,93.04610558061707,0.0,0.0,Low,고위험 SKU는 안전재고 20% 상향 및 긴급 reorder 실행
WH-04,은평구,식품,406,878.7984760999209,91.23196521499096,0.0,0.0,Low,고위험 SKU는 안전재고 20% 상향 및 긴급 reorder 실행
WH-01,종로구,디지털,437,713.9798160623386,55.50597383981161,0.0,0.0,Low,고위험 SKU는 안전재고 20% 상향 및 긴급 reorder 실행
WH-02,중구,패션,400,673.0294363050873,95.48323756693756,0.0,0.0,Low,고위험 SKU는 안전재고 20% 상향 및 긴급 reorder 실행
WH-03,중랑구,헬스케어,436,885.477049969802,102.43823107635546,0.0,0.0,Low,고위험 SKU는 안전재고 20% 상향 및 긴급 reorder 실행
WH-04,강남구,반려용품,439,770.5266905548572,103.83123713064234,0.0,0.0,Low,고위험 SKU는 안전재고 20% 상향 및 긴급 reorder 실행
WH-01,강동구,생활용품,360,706.6496821694976,41.333079797186855,0.0,0.0,Low,고위험 SKU는 안전재고 20% 상향 및 긴급 reorder 실행
WH-02,강북구,식품,508,531.2956723248348,96.1988263892779,72.90315406444313,0.12066086672183061,Low,고위험 SKU는 안전재고 20% 상향 및 긴급 reorder 실행
WH-03,강서구,디지털,452,675.2634236894065,82.17677593693396,0.0,0.0,Low,고위험 SKU는 안전재고 20% 상향 및 긴급 reorder 실행
WH-04,관악구,패션,452,890.7489232433153,53.038718121345205,0.0,0.0,Low,고위험 SKU는 안전재고 20% 상향 및 긴급 reorder 실행
WH-01,광진구,헬스케어,507,571.5781594792682,73.2481078887366,8.669948409468475,0.014941795227931962,Low,고위험 SKU는 안전재고 20% 상향 및 긴급 reorder 실행
WH-02,구로구,반려용품,433,640.2880536781507,81.48736391370998,0.0,0.0,Low,고위험 SKU는 안전재고 20% 상향 및 긴급 reorder 실행
WH-03,금천구,생활용품,432,805.3095533065003,107.38710517173831,0.0,0.0,Low,고위험 SKU는 안전재고 20% 상향 및 긴급 reorder 실행
WH-04,노원구,식품,493,500.6961462187656,72.67432079068779,64.97817457192224,0.11486852449143722,Low,고위험 SKU는 안전재고 20% 상향 및 긴급 reorder 실행
WH-01,도봉구,디지털,429,903.1389931196634,114.09254228871741,0.0,0.0,Low,고위험 SKU는 안전재고 20% 상향 및 긴급 reorder 실행
WH-02,동대문구,패션,464,717.0321213208764,97.0500809166222,0.0,0.0,Low,고위험 SKU는 안전재고 20% 상향 및 긴급 reorder 실행
WH-03,동작구,헬스케어,448,627.0440210677435,112.93378299254171,0.0,0.0,Low,고위험 SKU는 안전재고 20% 상향 및 긴급 reorder 실행
WH-04,마포구,반려용품,429,926.8296152416872,83.44530337030234,0.0,0.0,Low,고위험 SKU는 안전재고 20% 상향 및 긴급 reorder 실행
WH-01,서대문구,생활용품,425,611.5668311684695,84.93150916088898,0.0,0.0,Low,고위험 SKU는 안전재고 20% 상향 및 긴급 reorder 실행
WH-02,서초구,식품,415,613.3286178721079,92.93670931851014,0.0,0.0,Low,고위험 SKU는 안전재고 20% 상향 및 긴급 reorder 실행
WH-03,성동구,디지털,463,723.2969832978127,132.23007831615533,0.0,0.0,Low,고위험 SKU는 안전재고 20% 상향 및 긴급 reorder 실행
WH-04,성북구,패션,399,708.8044352308399,79.14664399675021,0.0,0.0,Low,고위험 SKU는 안전재고 20% 상향 및 긴급 reorder 실행
WH-01,송파구,헬스케어,452,946.733440262663,92.9906414449895,0.0,0.0,Low,고위험 SKU는 안전재고 20% 상향 및 긴급 reorder 실행
WH-02,양천구,반려용품,443,879.129699262398,97.63693096853912,0.0,0.0,Low,고위험 SKU는 안전재고 20% 상향 및 긴급 reorder 실행
WH-03,영등포구,생활용품,445,862.1171003139755,110.13884721949759,0.0,0.0,Low,고위험 SKU는 안전재고 20% 상향 및 긴급 reorder 실행
WH-04,용산구,식품,432,629.7102047824143,49.40786898601065,0.0,0.0,Low,고위험 SKU는 안전재고 20% 상향 및 긴급 reorder 실행
WH-01,은평구,디지털,418,677.9602059800716,84.91146986043687,0.0,0.0,Low,고위험 SKU는 안전재고 20% 상향 및 긴급 reorder 실행
WH-02,종로구,패션,443,766.6400440307585,86.96901480365544,0.0,0.0,Low,고위험 SKU는 안전재고 20% 상향 및 긴급 reorder 실행
WH-03,중구,헬스케어,446,638.9767777291141,126.81430059399128,0.0,0.0,Low,고위험 SKU는 안전재고 20% 상향 및 긴급 reorder 실행
WH-04,중랑구,반려용품,416,643.1720804762261,82.65974749230358,0.0,0.0,Low,고위험 SKU는 안전재고 20% 상향 및 긴급 reorder 실행
